ID,OUTPUT,DURATION,INPUT 1 SYMBOL,INPUT 1 AMOUNT,INPUT 2 SYMBOL,INPUT 2 AMOUNT,YIELD,POWER COST,XP PER OUTPUT,COST SYMBOL,COST AMOUNT,EVENT,PRODUCTION PER DAY,OUTPUT CHANGE,DURATION CHANGE,PRODUCTION CHANGE,INPUT 1 CONSUMPTION PER DAY,INPUT 1 PRODUCTION PER DAY AT SAME VALUE,INPUT 2 CONSUMPTION PER DAY,INPUT 2 PRODUCTION PER DAY AT SAME VALUE,OUTPUT PER BATTERY,XP PER DAY,XP PER BATTERY
MUD_1,1,0:00:10,EARTH,3.00,,,100.00%,0,1,EARTH,1,,,0,0,0%,25920,"28,800.00",,,,"8,640.00",
MUD_2,2,0:00:10,EARTH,6.00,,,100.00%,0,1,MUD,3,,,1,0:00:00,100%,"51,840.00","57,600.00",,,,"17,280.00",
MUD_3,4,0:00:14,EARTH,12.00,,,100.00%,0,1,MUD,6,,,2,0:00:04,47.22%,"76,320.00","86,400.00",,,,"25,440.00",
MUD_4,14,0:00:37,EARTH,42.00,,,100.00%,2,1,CLAY,2,,,10,0:00:23,30.19%,"99,360.00","129,600.00",,,,"33,120.00",7
MUD_5,28,0:01:00,EARTH,84.00,,,100.00%,4,1,SAND,2,,,14,0:00:23,21.74%,"120,960.00","216,000.00",,,,"40,320.00",7
MUD_6,65,0:02:00,EARTH,195.00,,,100.00%,10,1,SAND,4,,,37,0:01:00,16.07%,"140,400.00","264,000.00",,,,"46,800.00",7
MUD_7,185,0:05:00,EARTH,555.00,,,100.00%,27,1,SAND,6,,,120,0:03:00,13.85%,"159,840.00","264,000.00",,,,"53,280.00",7
MUD_8,412,0:10:00,EARTH,"1,236.00",,,100.00%,59,1,SAND,20,,,227,0:05:00,11.26%,"177,840.00","360,000.00",,,,"59,280.00",7
MUD_9,903,0:20:00,EARTH,"2,709.00",,,100.00%,129,1,SAND,35,,,491,0:09:59,9.72%,"195,120.00","360,000.00",,,,"65,040.00",7
MUD_10,"1,470",0:30:00,EARTH,"4,410.00",,,100.00%,210,1,SAND,50,,,567,0:10:00,8.49%,"211,680.00","360,000.00",,,,"70,560.00",7
MUD_11,"2,107",0:40:00,EARTH,"6,321.00",,,100.00%,301,1,COPPER,2,,,637,0:10:00,7.48%,"227,520.00","360,000.00",,,,"75,840.00",7
MUD_12,"2,527",0:44:59,EARTH,"7,581.00",,,100.00%,361,1,COPPER,3,,,420,0:04:59,6.65%,"242,640.00","360,000.00",,,,"80,880.00",7
MUD_13,"2,975",0:50:00,EARTH,"8,925.00",,,100.00%,425,1,COPPER,5,,,448,0:05:01,5.93%,"257,040.00","360,000.00",,,,"85,680.00",7
MUD_14,"3,384",0:54:00,EARTH,"10,152.00",,,100.00%,484,1,COPPER,8,,,409,0:04:00,5.32%,"270,720.00","360,000.00",,,,"90,240.00",7
MUD_15,"3,743",0:57:00,EARTH,"11,229.00",,,100.00%,535,1,COPPER,12,,,359,0:03:00,4.79%,"283,680.00","360,000.00",,,,"94,560.00",7
MUD_16,"4,110",1:00:00,EARTH,"12,330.00",,,100.00%,588,1,COPPER,16,,,367,0:03:00,4.31%,"295,920.00","360,000.00",,,,"98,640.00",7
MUD_17,"4,412",1:02:00,EARTH,"13,236.00",,,100.00%,631,1,COPPER,21,,,302,0:02:00,3.89%,"307,440.00","360,000.00",,,,"102,480.00",7
MUD_18,"4,714",1:04:00,EARTH,"14,142.00",,,100.00%,674,1,COPPER,26,,,302,0:02:00,3.5%,"318,195.00","360,000.00",,,,"106,065.00",7
MUD_19,"5,016",1:06:00,EARTH,"15,048.00",,,100.00%,717,1,COPPER,32,,,302,0:02:00,3.18%,"328,320.00","360,000.00",,,,"109,440.00",7
MUD_20,"5,315",1:08:00,EARTH,"15,945.00",,,100.00%,760,1,COPPER,39,,,299,0:02:00,2.85%,"337,680.00","360,000.00",,,,"112,560.00",7
MUD_21,"5,611",1:10:00,EARTH,"16,833.00",,,100.00%,802,1,COPPER,47,,,296,0:02:00,2.56%,"346,320.00","360,000.00",,,,"115,440.00",7
MUD_22,"5,910",1:12:00,EARTH,"17,730.00",,,100.00%,845,1,COPPER,55,,,299,0:02:00,2.39%,"354,600.00","360,000.00",,,,"118,200.00",7
MUD_23,"6,210",1:14:00,EARTH,"18,630.00",,,100.00%,888,1,COPPER,64,,,300,0:02:00,2.23%,"362,520.00","360,000.00",,,,"120,840.00",7
MUD_24,"6,511",1:16:00,EARTH,"19,533.00",,,100.00%,931,1,COPPER,75,,,301,0:02:00,2.09%,"370,080.00","360,000.00",,,,"123,360.00",7
MUD_25,"6,812",1:18:00,EARTH,"20,436.00",,,100.00%,974,1,STEEL,17,,,301,0:02:00,1.95%,"377,280.00","360,000.00",,,,"125,760.00",7
MUD_26,"7,116",1:20:00,EARTH,"21,348.00",,,100.00%,"1,017",1,STEEL,20,,,304,0:02:00,1.85%,"384,264.00","360,000.00",,,,"128,088.00",7
MUD_27,"7,422",1:22:00,EARTH,"22,266.00",,,100.00%,"1,061",1,STEEL,23,,,306,0:02:00,1.76%,"391,032.00","360,000.00",,,,"130,344.00",7
MUD_28,"7,730",1:23:59,EARTH,"23,190.00",,,100.00%,"1,105",1,STEEL,26,,,308,0:02:00,1.68%,"397,584.00","360,000.00",,,,"132,528.00",7
MUD_29,"8,042",1:26:00,EARTH,"24,126.00",,,100.00%,"1,149",1,STEEL,30,,,312,0:02:00,1.61%,"403,992.00","360,000.00",,,,"134,664.00",7
MUD_30,"8,357",1:28:00,EARTH,"25,071.00",,,100.00%,"1,194",1,STEEL,34,,,315,0:02:00,1.55%,"410,256.00","360,000.00",,,,"136,752.00",7
MUD_31,"8,675",1:30:00,EARTH,"26,025.00",,,100.00%,"1,240",1,STEEL,39,,,318,0:02:00,1.49%,"416,376.00","360,000.00",,,,"138,792.00",7
MUD_32,"8,970",1:31:45,EARTH,"26,910.00",,,100.00%,"1,282",1,STEEL,44,,,295,0:01:45,1.44%,"422,352.00","360,000.00",,,,"140,784.00",7
MUD_33,"9,268",1:33:30,EARTH,"27,804.00",,,100.00%,"1,324",1,STEEL,50,,,298,0:01:45,1.38%,"428,184.00","360,000.00",,,,"142,728.00",7
MUD_34,"9,566",1:35:15,EARTH,"28,698.00",,,100.00%,"1,367",1,STEEL,56,,,298,0:01:44,1.33%,"433,872.00","360,000.00",,,,"144,624.00",7
MUD_35,"9,866",1:37:00,EARTH,"29,598.00",,,100.00%,"1,410",1,STEEL,64,,,300,0:01:45,1.28%,"439,416.00","360,000.00",,,,"146,472.00",7
MUD_36,"10,168",1:38:45,EARTH,"30,504.00",,,100.00%,"1,453",1,STEEL,72,,,302,0:01:45,1.23%,"444,816.00","360,000.00",,,,"148,272.00",7
MUD_37,"10,471",1:40:30,EARTH,"31,413.00",,,100.00%,"1,496",1,STEEL,81,,,303,0:01:45,1.18%,"450,072.00","360,000.00",,,,"150,024.00",7
MUD_38,"10,748",1:42:00,EARTH,"32,244.00",,,100.00%,"1,536",1,STEEL,91,,,277,0:01:30,1.14%,"455,184.00","360,000.00",,,,"151,728.00",7
MUD_39,"11,026",1:43:30,EARTH,"33,078.00",,,100.00%,"1,576",1,SCREWS,34,,,278,0:01:30,1.11%,"460,224.00","360,000.00",,,,"153,408.00",7
MUD_40,"11,306",1:45:00,EARTH,"33,918.00",,,100.00%,"1,616",1,SCREWS,39,,,280,0:01:30,1.08%,"465,192.00","360,000.00",,,,"155,064.00",7
MUD_41,"11,588",1:46:29,EARTH,"34,764.00",,,100.00%,"1,656",1,SCREWS,43,,,282,0:01:30,1.05%,"470,088.00","360,000.00",,,,"156,696.00",7
MUD_42,"11,872",1:48:00,EARTH,"35,616.00",,,100.00%,"1,696",1,SCREWS,49,,,284,0:01:30,1.03%,"474,912.00","360,000.00",,,,"158,304.00",7
MUD_43,"12,159",1:49:30,EARTH,"36,477.00",,,100.00%,"1,737",1,SCREWS,55,,,287,0:01:31,1%,"479,664.00","360,000.00",,,,"159,888.00",7
MUD_44,"12,444",1:50:59,EARTH,"37,332.00",,,100.00%,"1,778",1,SCREWS,62,,,285,0:01:29,0.98%,"484,344.00","360,000.00",,,,"161,448.00",7
MUD_45,"12,733",1:52:30,EARTH,"38,199.00",,,100.00%,"1,819",1,SCREWS,69,,,289,0:01:30,0.95%,"488,952.00","360,000.00",,,,"162,984.00",7
MUD_46,"13,023",1:54:00,EARTH,"39,069.00",,,100.00%,"1,861",1,SCREWS,78,,,290,0:01:30,0.93%,"493,488.00","360,000.00",,,,"164,496.00",7
MUD_47,"13,314",1:55:30,EARTH,"39,942.00",,,100.00%,"1,902",1,SCREWS,87,,,291,0:01:30,0.9%,"497,952.00","360,000.00",,,,"165,984.00",7
MUD_48,"13,605",1:57:00,EARTH,"40,815.00",,,100.00%,"1,944",1,SCREWS,100,,,291,0:01:30,0.88%,"502,344.00","360,000.00",,,,"167,448.00",7
MUD_49,"13,897",1:58:30,EARTH,"41,691.00",,,100.00%,"1,986",1,SCREWS,120,,,292,0:01:30,0.85%,"506,624.81","360,000.00",,,,"168,874.94",7
MUD_50,"14,192",2:00:00,EARTH,"42,576.00",,,100.00%,"2,028",1,SCREWS,150,,,295,0:01:30,0.85%,"510,912.00","360,000.00",,,,"170,304.00",7
,,,,,,,,,,,,,,,,,,,,,,,
CLAY_1,1,0:00:30,MUD,10.00,,,100.00%,0,25,MUD,5,,,0,0:00:00,0%,"28,800.00","8,640.00",,,,"72,000.00",
CLAY_2,2,0:00:30,MUD,20.00,,,100.00%,0,25,CLAY,1,,,1,0:00:00,100%,"57,600.00","33,120.00",,,,"144,000.00",
CLAY_3,5,0:00:53,MUD,50.00,,,100.00%,4,25,SAND,5,,,3,0:00:23,41.67%,"81,600.00","53,280.00",,,,"204,000.00",31
CLAY_4,10,0:01:26,MUD,100.00,,,100.00%,8,25,SAND,8,,,5,0:00:33,23.53%,"100,800.00","59,280.00",,,,"252,000.00",31
CLAY_5,40,0:05:00,MUD,400.00,,,100.00%,32,25,SAND,10,,,30,0:03:34,14.29%,"115,200.00","59,280.00",,,,"288,000.00",31
CLAY_6,100,0:11:13,MUD,"1,000.00",,,100.00%,80,25,SAND,15,,,60,0:06:13,11.46%,"128,400.00","59,280.00",,,,"321,000.00",31
CLAY_7,200,0:20:31,MUD,"2,000.00",,,100.00%,160,25,SAND,20,,,100,0:09:18,9.35%,"140,400.00","59,280.00",,,,"351,000.00",31
CLAY_8,315,0:30:00,MUD,"3,150.00",,,100.00%,252,25,SAND,28,,,115,0:09:29,7.69%,"151,200.00","65,040.00",,,,"378,000.00",31
CLAY_9,448,0:40:00,MUD,"4,480.00",,,100.00%,359,25,COPPER,1,,,133,0:10:00,6.67%,"161,280.00","65,040.00",,,,"403,200.00",31
CLAY_10,652,0:55:01,MUD,"6,520.00",,,100.00%,522,25,COPPER,2,,,204,0:15:01,5.8%,"170,640.00","75,840.00",,,,"426,600.00",31
CLAY_11,810,1:05:04,MUD,"8,100.00",,,100.00%,648,25,COPPER,3,,,158,0:10:02,5.06%,"179,280.00","80,880.00",,,,"448,200.00",31
CLAY_12,975,1:15:00,MUD,"9,750.00",,,100.00%,780,25,COPPER,5,,,165,0:09:56,4.42%,"187,200.00","85,680.00",,,,"468,000.00",31
CLAY_13,"1,148",1:25:02,MUD,"11,480.00",,,100.00%,919,25,COPPER,9,,,173,0:10:02,3.85%,"194,400.00","94,560.00",,,,"486,000.00",31
CLAY_14,"1,326",1:34:56,MUD,"13,260.00",,,100.00%,"1,061",25,COPPER,14,,,178,0:09:54,3.46%,"201,120.00","98,640.00",,,,"502,800.00",31
CLAY_15,"1,512",1:45:00,MUD,"15,120.00",,,100.00%,"1,210",25,COPPER,19,,,186,0:10:04,3.1%,"207,360.00","102,480.00",,,,"518,400.00",31
CLAY_16,"1,702",1:55:00,MUD,"17,020.00",,,100.00%,"1,362",25,COPPER,26,,,190,0:10:00,2.78%,"213,120.00","106,065.00",,,,"532,800.00",31
CLAY_17,"1,880",2:03:57,MUD,"18,800.00",,,100.00%,"1,504",25,COPPER,33,,,178,0:08:57,2.48%,"218,400.00","109,440.00",,,,"546,000.00",31
CLAY_18,"2,053",2:12:27,MUD,"20,530.00",,,100.00%,"1,643",25,COPPER,42,,,173,0:08:30,2.2%,"223,200.00","115,440.00",,,,"558,000.00",31
CLAY_19,"2,207",2:19:32,MUD,"22,070.00",,,100.00%,"1,766",25,COPPER,52,,,154,0:07:05,2.04%,"227,760.00","118,200.00",,,,"569,400.00",31
CLAY_20,"2,353",2:26:00,MUD,"23,530.00",,,100.00%,"1,883",25,STEEL,13,,,146,0:06:28,1.9%,"232,080.00","120,840.00",,,,"580,200.00",31
CLAY_21,"2,510",2:33:03,MUD,"25,100.00",,,100.00%,"2,008",25,STEEL,15,,,157,0:07:03,1.76%,"236,160.00","123,360.00",,,,"590,400.00",31
CLAY_22,"2,660",2:39:36,MUD,"26,600.00",,,100.00%,"2,128",25,STEEL,19,,,150,0:06:33,1.63%,"240,000.00","128,088.00",,,,"600,000.00",31
CLAY_23,"2,800",2:45:31,MUD,"28,000.00",,,100.00%,"2,240",25,STEEL,22,,,140,0:05:55,1.5%,"243,600.00","130,344.00",,,,"609,000.00",31
CLAY_24,"2,940",2:51:21,MUD,"29,400.00",,,100.00%,"2,352",25,STEEL,27,,,140,0:05:50,1.43%,"247,080.00","132,528.00",,,,"617,700.00",31
CLAY_25,"3,075",2:56:49,MUD,"30,750.00",,,100.00%,"2,460",25,STEEL,32,,,135,0:05:28,1.36%,"250,440.00","136,752.00",,,,"626,100.00",31
CLAY_26,"3,205",3:01:56,MUD,"32,050.00",,,100.00%,"2,564",25,STEEL,37,,,130,0:05:07,1.29%,"253,680.00","138,792.00",,,,"634,200.00",31
CLAY_27,"3,335",3:07:01,MUD,"33,350.00",,,100.00%,"2,668",25,STEEL,44,,,130,0:05:05,1.23%,"256,800.00","140,784.00",,,,"642,000.00",31
CLAY_28,"3,460",3:11:47,MUD,"34,600.00",,,100.00%,"2,768",25,STEEL,52,,,125,0:04:46,1.17%,"259,800.00","142,728.00",,,,"649,500.00",31
CLAY_29,"3,585",3:16:32,MUD,"35,850.00",,,100.00%,"2,868",25,STEEL,61,,,125,0:04:45,1.11%,"262,680.00","146,472.00",,,,"656,700.00",31
CLAY_30,"3,705",3:21:00,MUD,"37,050.00",,,100.00%,"2,964",25,STEEL,71,,,120,0:04:28,1.05%,"265,440.00","148,272.00",,,,"663,600.00",31
CLAY_31,"3,820",3:25:12,MUD,"38,200.00",,,100.00%,"3,056",25,STEEL,83,,,115,0:04:12,0.99%,"268,080.00","150,024.00",,,,"670,200.00",31
CLAY_32,"3,935",3:29:24,MUD,"39,350.00",,,100.00%,"3,148",25,STEEL,98,,,115,0:04:13,0.94%,"270,600.00","153,408.00",,,,"676,500.00",31
CLAY_33,"4,050",3:33:38,MUD,"40,500.00",,,100.00%,"3,240",25,SCREWS,38,,,115,0:04:14,0.89%,"273,000.00","155,064.00",,,,"682,500.00",31
CLAY_34,"4,160",3:37:37,MUD,"41,600.00",,,100.00%,"3,328",25,SCREWS,44,,,110,0:03:59,0.84%,"275,280.00","156,696.00",,,,"688,200.00",31
CLAY_35,"4,265",3:41:22,MUD,"42,650.00",,,100.00%,"3,412",25,SCREWS,52,,,105,0:03:45,0.78%,"277,440.00","159,888.00",,,,"693,600.00",31
CLAY_36,"4,370",3:45:10,MUD,"43,700.00",,,100.00%,"3,496",25,SCREWS,60,,,105,0:03:48,0.74%,"279,480.00","161,448.00",,,,"698,700.00",31
CLAY_37,"4,475",3:49:00,MUD,"44,750.00",,,100.00%,"3,580",25,SCREWS,70,,,105,0:03:50,0.69%,"281,400.00","162,984.00",,,,"703,500.00",31
CLAY_38,"4,575",3:52:38,MUD,"45,750.00",,,100.00%,"3,660",25,SCREWS,82,,,100,0:03:38,0.64%,"283,200.00","164,496.00",,,,"708,000.00",31
CLAY_39,"4,675",3:56:19,MUD,"46,750.00",,,100.00%,"3,740",25,SCREWS,100,,,100,0:03:41,0.59%,"284,880.00","167,448.00",,,,"712,200.00",31
CLAY_40,"4,775",4:00:00,MUD,"47,750.00",,,100.00%,"3,820",25,SCREWS,150,,,100,0:03:41,0.57%,"286,507.93","170,304.00",,,,"716,269.82",31
,,,,,,,,,,,,,,,,,,,,,,,
SAND_1,1,0:02:00,CLAY,3.00,,,100.00%,0,75,CLAY,2,,,0,0:00:00,0%,"2,160.00","2,880.00",,,,"54,000.00",
SAND_2,2,0:02:00,CLAY,6.00,,,100.00%,8,75,SAND,1,,,1,0:00:00,100%,"4,320.00","8,160.00",,,,"108,000.00",19
SAND_3,5,0:03:32,CLAY,15.00,,,100.00%,20,75,SAND,5,,,3,0:01:32,41.67%,"6,120.00","8,160.00",,,,"153,000.00",19
SAND_4,10,0:05:33,CLAY,30.00,,,100.00%,40,75,SAND,10,,,5,0:02:02,27.06%,"7,776.00","11,520.00",,,,"194,400.00",19
SAND_5,20,0:09:14,CLAY,60.00,,,100.00%,80,75,SAND,17,,,10,0:03:41,20.37%,"9,360.00","14,040.00",,,,"234,000.00",19
SAND_6,40,0:15:54,CLAY,120.00,,,100.00%,160,75,SAND,27,,,20,0:06:40,16.15%,"10,872.00","15,120.00",,,,"271,800.00",19
SAND_7,70,0:24:34,CLAY,210.00,,,100.00%,280,75,SAND,40,,,30,0:08:40,13.25%,"12,312.00","17,064.00",,,,"307,800.00",19
SAND_8,125,0:39:28,CLAY,375.00,,,100.00%,500,75,SAND,60,,,55,0:14:55,11.11%,"13,680.00","17,064.00",,,,"342,000.00",19
SAND_9,225,1:04:54,CLAY,675.00,,,100.00%,900,75,COPPER,3,,,100,0:25:26,9.47%,"14,976.00","17,928.00",,,,"374,400.00",19
SAND_10,335,1:29:20,CLAY,"1,005.00",,,100.00%,"1,291",75,COPPER,5,,,110,0:24:26,8.17%,"16,200.00","18,720.00",,,,"405,000.00",19
SAND_11,455,1:53:17,CLAY,"1,365.00",,,100.00%,"1,697",75,COPPER,10,,,120,0:23:57,7.11%,"17,352.00","20,112.00",,,,"433,800.00",20
SAND_12,575,2:14:46,CLAY,"1,725.00",,,100.00%,"2,081",75,COPPER,15,,,120,0:21:29,6.22%,"18,432.00","20,736.00",,,,"460,800.00",21
SAND_13,685,2:31:56,CLAY,"2,055.00",,,100.00%,"2,414",75,COPPER,21,,,110,0:17:11,5.66%,"19,476.00","21,312.00",,,,"486,900.00",21
SAND_14,800,2:48:43,CLAY,"2,400.00",,,100.00%,"2,749",75,COPPER,28,,,115,0:16:47,5.18%,"20,484.00","21,840.00",,,,"512,100.00",22
SAND_15,920,3:05:14,CLAY,"2,760.00",,,100.00%,"3,090",75,COPPER,36,,,120,0:16:31,4.75%,"21,456.00","22,320.00",,,,"536,400.00",22
SAND_16,"1,035",3:19:41,CLAY,"3,105.00",,,100.00%,"3,402",75,COPPER,46,,,115,0:14:27,4.36%,"22,392.00","22,776.00",,,,"559,800.00",23
SAND_17,"1,150",3:33:18,CLAY,"3,450.00",,,100.00%,"3,703",75,COPPER,57,,,115,0:13:37,4.02%,"23,292.00","23,208.00",,,,"582,300.00",23
SAND_18,"1,260",3:45:10,CLAY,"3,780.00",,,100.00%,"3,981",75,COPPER,71,,,110,0:11:53,3.79%,"24,174.00","23,616.00",,,,"604,350.00",24
SAND_19,"1,370",3:56:23,CLAY,"4,110.00",,,100.00%,"4,250",75,COPPER,87,,,110,0:11:13,3.57%,"25,038.00","24,000.00",,,,"625,950.00",24
SAND_20,"1,480",4:07:01,CLAY,"4,440.00",,,100.00%,"4,513",75,COPPER,106,,,110,0:10:38,3.38%,"25,884.00","24,360.00",,,,"647,100.00",25
SAND_21,"1,590",4:17:09,CLAY,"4,770.00",,,100.00%,"4,769",75,STEEL,26,,,110,0:10:08,3.2%,"26,712.00","24,708.00",,,,"667,800.00",25
SAND_22,"1,700",4:26:50,CLAY,"5,100.00",,,100.00%,"5,017",75,STEEL,31,,,110,0:09:42,3.03%,"27,522.00","25,044.00",,,,"688,050.00",25
SAND_23,"1,810",4:36:10,CLAY,"5,430.00",,,100.00%,"5,262",75,STEEL,37,,,110,0:09:19,2.88%,"28,314.00","25,368.00",,,,"707,850.00",26
SAND_24,"1,915",4:44:24,CLAY,"5,745.00",,,100.00%,"5,485",75,STEEL,44,,,105,0:08:15,2.73%,"29,088.00","25,680.00",,,,"727,200.00",26
SAND_25,"2,020",4:52:24,CLAY,"6,060.00",,,100.00%,"5,705",75,STEEL,53,,,105,0:08:00,2.6%,"29,844.00","25,980.00",,,,"746,100.00",27
SAND_26,"2,130",5:00:53,CLAY,"6,390.00",,,100.00%,"5,933",75,STEEL,63,,,110,0:08:29,2.47%,"30,582.00","26,268.00",,,,"764,550.00",27
SAND_27,"2,235",5:08:27,CLAY,"6,705.00",,,100.00%,"6,142",75,STEEL,76,,,105,0:07:34,2.35%,"31,302.00","26,808.00",,,,"782,550.00",27
SAND_28,"2,340",5:15:52,CLAY,"7,020.00",,,100.00%,"6,349",75,STEEL,90,,,105,0:07:24,2.24%,"32,004.00","27,060.00",,,,"800,100.00",28
SAND_29,"2,445",5:23:08,CLAY,"7,335.00",,,100.00%,"6,551",75,STEEL,107,,,105,0:07:16,2.14%,"32,688.00","27,300.00",,,,"817,200.00",28
SAND_30,"2,550",5:30:17,CLAY,"7,650.00",,,100.00%,"6,748",75,SCREWS,42,,,105,0:07:09,2.04%,"33,354.00","27,528.00",,,,"833,850.00",28
SAND_31,"2,650",5:36:41,CLAY,"7,950.00",,,100.00%,"6,930",75,SCREWS,50,,,100,0:06:25,1.94%,"34,002.00","27,744.00",,,,"850,050.00",29
SAND_32,"2,750",5:43:02,CLAY,"8,250.00",,,100.00%,"7,109",75,SCREWS,59,,,100,0:06:21,1.85%,"34,632.00","27,948.00",,,,"865,800.00",29
SAND_33,"2,850",5:49:20,CLAY,"8,550.00",,,100.00%,"7,285",75,SCREWS,72,,,100,0:06:18,1.77%,"35,244.00","28,140.00",,,,"881,100.00",29
SAND_34,"2,950",5:55:36,CLAY,"8,850.00",,,100.00%,"7,458",75,SCREWS,105,,,100,0:06:16,1.69%,"35,838.00","28,488.00",,,,"895,950.00",30
SAND_35,"3,035",6:00:00,CLAY,"9,105.00",,,100.00%,"7,588",75,SCREWS,150,,,85,0:04:24,1.62%,"36,420.00","28,650.79",,,,"910,500.00",30
,,,,,,,,,,,,,,,,,,,,,,,
COPPER_1,1,1:00:00,SAND,30.00,,,100.00%,250,"2,000",SAND,5,,,0,0:00:00,0%,720.00,720.00,,,,"48,000.00",8
COPPER_2,2,1:00:00,SAND,60.00,,,100.00%,480,"2,000",COPPER,1,,,1,0:00:00,100%,"1,440.00","4,104.00",,,,"96,000.00",8
COPPER_3,4,1:22:46,SAND,120.00,,,100.00%,923,"2,000",COPPER,2,,,2,0:22:46,45%,"2,088.00","4,560.00",,,,"139,200.00",9
COPPER_4,7,1:53:31,SAND,210.00,,,100.00%,"1,560","2,000",COPPER,5,,,3,0:30:45,27.59%,"2,664.00","5,400.00",,,,"177,600.00",9
COPPER_5,12,2:41:48,SAND,360.00,,,100.00%,"2,590","2,000",COPPER,12,,,5,0:48:17,20.27%,"3,204.00","6,144.00",,,,"213,600.00",9
COPPER_6,18,3:29:43,SAND,540.00,,,100.00%,"3,772","2,000",COPPER,20,,,6,0:47:55,15.73%,"3,708.00","6,492.00",,,,"247,200.00",10
COPPER_7,25,4:17:17,SAND,750.00,,,100.00%,"5,097","2,000",COPPER,29,,,7,0:47:35,13.2%,"4,197.60","6,828.00",,,,"279,840.00",10
COPPER_8,32,4:56:18,SAND,960.00,,,100.00%,"6,357","2,000",COPPER,40,,,7,0:39:00,11.15%,"4,665.60","7,464.00",,,,"311,040.00",10
COPPER_9,39,5:29:07,SAND,"1,170.00",,,100.00%,"7,559","2,000",COPPER,52,,,7,0:32:49,9.72%,"5,119.20","7,764.00",,,,"341,280.00",10
COPPER_10,45,5:50:12,SAND,"1,350.00",,,100.00%,"8,521","2,000",COPPER,66,,,6,0:21:05,8.44%,"5,551.20","8,058.00",,,,"370,080.00",11
COPPER_11,50,6:01:53,SAND,"1,500.00",,,100.00%,"9,258","2,000",COPPER,83,,,5,0:11:41,7.52%,"5,968.80","8,346.00",,,,"397,920.00",11
COPPER_12,55,6:13:18,SAND,"1,650.00",,,100.00%,"9,969","2,000",COPPER,102,,,5,0:11:25,6.63%,"6,364.80","8,628.00",,,,"424,320.00",11
COPPER_13,60,6:24:12,SAND,"1,800.00",,,100.00%,"10,654","2,000",STEEL,25,,,5,0:10:54,6%,"6,746.40","8,904.00",,,,"449,760.00",11
COPPER_14,65,6:35:08,SAND,"1,950.00",,,100.00%,"11,315","2,000",STEEL,30,,,5,0:10:56,5.34%,"7,106.40","9,174.00",,,,"473,760.00",11
COPPER_15,70,6:45:48,SAND,"2,100.00",,,100.00%,"11,954","2,000",STEEL,36,,,5,0:10:40,4.86%,"7,452.00","9,438.00",,,,"496,800.00",12
COPPER_16,75,6:56:17,SAND,"2,250.00",,,100.00%,"12,573","2,000",STEEL,42,,,5,0:10:29,4.44%,"7,783.20","9,696.00",,,,"518,880.00",12
COPPER_17,79,7:01:20,SAND,"2,370.00",,,100.00%,"13,008","2,000",STEEL,50,,,4,0:05:03,4.07%,"8,100.00","9,948.00",,,,"540,000.00",12
COPPER_18,83,7:06:44,SAND,"2,490.00",,,100.00%,"13,430","2,000",STEEL,59,,,4,0:05:24,3.73%,"8,402.40","10,194.00",,,,"560,160.00",12
COPPER_19,87,7:12:29,SAND,"2,610.00",,,100.00%,"13,840","2,000",STEEL,70,,,4,0:05:45,3.43%,"8,690.40","10,434.00",,,,"579,360.00",13
COPPER_20,91,7:18:12,SAND,"2,730.00",,,100.00%,"14,239","2,000",STEEL,82,,,4,0:05:44,3.23%,"8,971.20","10,668.00",,,,"598,080.00",13
COPPER_21,95,7:23:56,SAND,"2,850.00",,,100.00%,"14,626","2,000",STEEL,95,,,4,0:05:43,3.05%,"9,244.80","10,896.00",,,,"616,320.00",13
COPPER_22,99,7:29:40,SAND,"2,970.00",,,100.00%,"15,003","2,000",SCREWS,37,,,4,0:05:44,2.88%,"9,511.20","10,896.00",,,,"634,080.00",13
COPPER_23,103,7:35:25,SAND,"3,090.00",,,100.00%,"15,370","2,000",SCREWS,43,,,4,0:05:45,2.73%,"9,770.40","11,118.00",,,,"651,360.00",13
COPPER_24,107,7:41:12,SAND,"3,210.00",,,100.00%,"15,727","2,000",SCREWS,50,,,4,0:05:47,2.58%,"10,022.40","11,334.00",,,,"668,160.00",14
COPPER_25,111,7:46:43,SAND,"3,330.00",,,100.00%,"16,075","2,000",SCREWS,59,,,4,0:05:30,2.51%,"10,274.40","11,544.00",,,,"684,960.00",14
COPPER_26,115,7:52:17,SAND,"3,450.00",,,100.00%,"16,414","2,000",SCREWS,68,,,4,0:05:34,2.38%,"10,519.20","11,748.00",,,,"701,280.00",14
COPPER_27,118,7:53:35,SAND,"3,540.00",,,100.00%,"16,604","2,000",SCREWS,79,,,3,0:01:18,2.33%,"10,764.00","11,946.00",,,,"717,600.00",14
COPPER_28,121,7:55:08,SAND,"3,630.00",,,100.00%,"16,789","2,000",SCREWS,95,,,3,0:01:33,2.21%,"11,001.60","11,946.00",,,,"733,440.00",14
COPPER_29,124,7:56:55,SAND,"3,720.00",,,100.00%,"16,969","2,000",SCREWS,115,,,3,0:01:48,2.09%,"11,232.00","12,140.00",,,,"748,800.00",15
COPPER_30,127,8:00:00,SAND,"3,810.00",,,100.00%,"17,145","2,000",SCREWS,150,,,3,0:03:05,1.76%,"11,430.00","12,140.00",,,,"762,000.00",15
,,,,,,,,,,,,,,,,,,,,,,,
SEAWATER_1,1,2:00:00,WATER,16.00,,,100.00%,625,"3,250",WATER,3,,,0,0:00:00,0%,192.00,,,,,"39,000.00",5
SEAWATER_2,1,2:00:00,WATER,12.00,,,133.35%,625,"3,250",COPPER,6,,,0,0:00:00,0%,143.98,,,,,"39,000.00",5
SEAWATER_3,1,2:00:00,WATER,10.00,,,160.00%,625,"3,250",COPPER,10,,,0,0:00:00,0%,120.00,,,,,"39,000.00",5
SEAWATER_4,1,2:00:00,WATER,8.80,,,181.85%,625,"3,250",COPPER,14,,,0,0:00:00,0%,105.58,,,,,"39,000.00",5
SEAWATER_5,1,2:00:00,WATER,8.00,,,200.00%,625,"3,250",COPPER,20,,,0,0:00:00,0%,96.00,,,,,"39,000.00",5
SEAWATER_6,2,2:00:00,WATER,16.00,,,200.00%,"1,246","3,250",STEEL,5,,,1,0:00:00,100%,192.00,,,,,"78,000.00",5
SEAWATER_7,4,3:30:00,WATER,32.00,,,200.00%,"2,480","3,250",STEEL,7,,,2,1:30:00,14.29%,219.43,,,,,"89,142.86",5
SEAWATER_8,7,5:15:00,WATER,56.00,,,200.00%,"4,326","3,250",STEEL,9,,,3,1:45:00,16.67%,256.00,,,,,"104,000.00",5
SEAWATER_9,10,6:45:00,WATER,80.00,,,200.00%,"6,150","3,250",STEEL,11,,,3,1:30:00,11.11%,284.44,,,,,"115,555.56",5
SEAWATER_10,10,6:15:00,WATER,77.34,,,206.88%,"6,150","3,250",STEEL,14,,,0,-0:30:00,8%,296.99,,,,,"124,800.00",5
SEAWATER_11,10,5:50:00,WATER,75.07,,,213.15%,"6,150","3,250",STEEL,17,,,0,-0:25:00,7.14%,308.84,,,,,"133,714.29",5
SEAWATER_12,10,5:30:00,WATER,73.08,,,218.93%,"6,150","3,250",STEEL,20,,,0,-0:20:00,6.06%,318.91,,,,,"141,818.18",5
SEAWATER_13,10,5:15:00,WATER,71.34,,,224.27%,"6,150","3,250",STEEL,24,,,0,-0:15:00,4.76%,326.14,,,,,"148,571.43",5
SEAWATER_14,10,5:00:00,WATER,69.79,,,229.25%,"6,150","3,250",STEEL,29,,,0,-0:15:00,5%,335.01,,,,,"156,000.00",5
SEAWATER_15,10,4:45:00,WATER,68.41,,,233.90%,"6,150","3,250",STEEL,35,,,0,-0:15:00,5.26%,345.63,,,,,"164,210.53",5
SEAWATER_16,10,4:35:00,WATER,67.15,,,238.28%,"6,150","3,250",STEEL,42,,,0,-0:10:00,3.64%,351.61,,,,,"170,181.82",5
SEAWATER_17,10,4:25:00,WATER,66.01,,,242.40%,"6,150","3,250",SCREWS,17,,,0,-0:10:00,3.77%,358.68,,,,,"176,603.77",5
SEAWATER_18,10,4:15:00,WATER,64.96,,,246.30%,"6,150","3,250",SCREWS,20,,,0,-0:10:00,3.92%,366.84,,,,,"183,529.41",5
SEAWATER_19,10,4:00:00,WATER,64.00,,,250.00%,"6,150","3,250",SCREWS,24,,,0,-0:15:00,6.25%,384.00,,,,,"195,000.00",5
SEAWATER_20,13,5:00:00,WATER,83.20,,,250.00%,"7,956","3,250",SCREWS,28,,,3,1:00:00,4%,399.36,,,,,"202,800.00",5
SEAWATER_21,17,6:12:00,WATER,108.80,,,250.00%,"10,370","3,250",SCREWS,33,,,4,1:12:00,5.46%,421.16,,,,,"213,870.97",5
SEAWATER_22,22,7:40:00,WATER,140.80,,,250.00%,"13,376","3,250",SCREWS,39,,,5,1:28:00,4.65%,440.77,,,,,"223,826.09",5
SEAWATER_23,26,8:42:00,WATER,166.40,,,250.00%,"15,730","3,250",SCREWS,47,,,4,1:02:00,4.14%,459.03,,,,,"233,103.45",5
SEAWATER_24,29,9:20:00,WATER,185.60,,,250.00%,"17,458","3,250",SCREWS,55,,,3,0:38:00,3.97%,477.26,,,,,"242,357.14",5
SEAWATER_25,30,9:20:00,WATER,192.00,,,250.00%,"18,000","3,250",SCREWS,65,,,1,0:00:00,3.45%,493.71,,,,,"250,714.29",5
SEAWATER_26,30,9:00:00,WATER,192.00,,,250.00%,"18,000","3,250",SCREWS,77,,,0,-0:20:00,3.7%,512.00,,,,,"260,000.00",5
SEAWATER_27,30,8:43:00,WATER,180.68,,,265.66%,"18,000","3,250",SCREWS,91,,,0,-0:17:00,3.25%,497.48,,,,,"268,451.24",5
SEAWATER_28,30,8:28:00,WATER,172.17,,,278.79%,"18,000","3,250",SCREWS,108,,,0,-0:15:00,2.95%,488.05,,,,,"276,377.95",5
SEAWATER_29,30,8:14:00,WATER,165.47,,,290.08%,"18,000","3,250",SCREWS,127,,,0,-0:14:00,2.83%,482.34,,,,,"284,210.53",5
SEAWATER_30,30,8:00:00,WATER,160.00,,,300.00%,"18,000","3,250",SCREWS,150,,,0,-0:14:00,2.92%,480.00,,,,,"292,500.00",5
,,,,,,,,,,,,,,,,,,,,,,,
HEAT_1,1,2:30:00,FIRE,18.00,,,100.00%,"1,000","4,500",FIRE,2,,,0,0:00:00,0%,172.80,,,,,"43,199.99",5
HEAT_2,1,2:30:00,FIRE,13.50,,,133.35%,"1,000","4,500",COPPER,6,,,0,0:00:00,0%,129.58,,,,,"43,199.99",5
HEAT_3,1,2:30:00,FIRE,11.25,,,160.00%,"1,000","4,500",COPPER,10,,,0,0:00:00,0%,108.00,,,,,"43,199.99",5
HEAT_4,1,2:30:00,FIRE,9.90,,,181.85%,"1,000","4,500",COPPER,14,,,0,0:00:00,0%,95.02,,,,,"43,199.99",5
HEAT_5,1,2:30:00,FIRE,9.00,,,200.00%,"1,000","4,500",COPPER,20,,,0,0:00:00,0%,86.40,,,,,"43,199.99",5
HEAT_6,2,2:30:00,FIRE,18.00,,,200.00%,"1,990","4,500",STEEL,5,,,1,0:00:00,100%,172.80,,,,,"86,399.97",5
HEAT_7,3,3:25:00,FIRE,27.00,,,200.00%,"2,970","4,500",STEEL,7,,,1,0:55:00,9.76%,189.66,,,,,"94,829.28",5
HEAT_8,5,5:16:00,FIRE,45.00,,,200.00%,"4,950","4,500",STEEL,9,,,2,1:51:00,8.12%,205.06,,,,,"102,531.67",5
HEAT_9,8,8:00:00,FIRE,72.00,,,200.00%,"7,880","4,500",STEEL,11,,,3,2:44:00,5.33%,216.00,,,,,"108,000.01",5
HEAT_10,8,7:05:00,FIRE,69.61,,,206.88%,"7,880","4,500",STEEL,14,,,0,-0:55:00,12.94%,235.84,,,,,"121,976.47",5
HEAT_11,8,6:24:00,FIRE,67.56,,,213.15%,"7,880","4,500",STEEL,17,,,0,-0:41:00,10.68%,253.34,,,,,"134,999.98",5
HEAT_12,8,5:52:00,FIRE,65.77,,,218.93%,"7,880","4,500",STEEL,20,,,0,-0:32:00,9.09%,269.08,,,,,"147,272.75",5
HEAT_13,8,5:27:00,FIRE,64.21,,,224.27%,"7,880","4,500",STEEL,24,,,0,-0:25:00,7.65%,282.75,,,,,"158,532.13",5
HEAT_14,8,5:06:00,FIRE,62.81,,,229.25%,"7,880","4,500",STEEL,29,,,0,-0:21:00,6.86%,295.59,,,,,"169,411.76",5
HEAT_15,8,4:48:00,FIRE,61.56,,,233.90%,"7,880","4,500",STEEL,35,,,0,-0:18:00,6.25%,307.82,,,,,"180,000.00",5
HEAT_16,8,4:34:00,FIRE,60.43,,,238.28%,"7,880","4,500",STEEL,42,,,0,-0:14:00,5.11%,317.60,,,,,"189,197.06",5
HEAT_17,8,4:21:00,FIRE,59.41,,,242.40%,"7,880","4,500",SCREWS,17,,,0,-0:13:00,4.98%,327.76,,,,,"198,620.69",5
HEAT_18,8,4:10:00,FIRE,58.47,,,246.30%,"7,880","4,500",SCREWS,20,,,0,-0:11:00,4.4%,336.76,,,,,"207,360.01",5
HEAT_19,8,4:00:00,FIRE,57.60,,,250.00%,"7,880","4,500",SCREWS,24,,,0,-0:10:00,4.17%,345.60,,,,,"215,999.96",5
HEAT_20,10,4:36:00,FIRE,72.00,,,250.00%,"9,800","4,500",SCREWS,28,,,2,0:36:00,8.7%,375.65,,,,,"234,782.57",5
HEAT_21,13,5:36:00,FIRE,93.60,,,250.00%,"12,675","4,500",SCREWS,33,,,3,1:00:00,6.79%,401.14,,,,,"250,714.32",5
HEAT_22,17,6:57:00,FIRE,122.40,,,250.00%,"16,575","4,500",SCREWS,39,,,4,1:21:00,5.37%,422.68,,,,,"264,172.69",5
HEAT_23,21,8:12:00,FIRE,151.20,,,250.00%,"20,412","4,500",SCREWS,47,,,4,1:15:00,4.7%,442.54,,,,,"276,585.34",5
HEAT_24,25,9:23:00,FIRE,180.00,,,250.00%,"24,250","4,500",SCREWS,55,,,4,1:11:00,4.03%,460.39,,,,,"287,744.24",5
HEAT_25,25,9:04:00,FIRE,180.00,,,250.00%,"24,250","4,500",SCREWS,65,,,0,-0:19:00,3.49%,476.47,,,,,"297,794.10",5
HEAT_26,25,8:48:00,FIRE,180.00,,,250.00%,"24,250","4,500",SCREWS,77,,,0,-0:16:00,3.03%,490.91,,,,,"306,818.15",5
HEAT_27,25,8:33:00,FIRE,169.39,,,265.66%,"24,250","4,500",SCREWS,91,,,0,-0:15:00,2.92%,475.48,,,,,"315,789.47",5
HEAT_28,25,8:21:00,FIRE,161.41,,,278.79%,"24,250","4,500",SCREWS,108,,,0,-0:12:00,2.4%,463.94,,,,,"323,353.26",5
HEAT_29,25,8:10:00,FIRE,155.13,,,290.08%,"24,250","4,500",SCREWS,127,,,0,-0:11:00,2.24%,455.89,,,,,"330,612.22",5
HEAT_30,25,8:00:00,FIRE,150.00,,,300.00%,"24,250","4,500",SCREWS,150,,,0,-0:10:00,2.08%,450.00,,,,,"337,500.03",5
,,,,,,,,,,,,,,,,,,,,,,,
ALGAE_1,1,6:00:00,SEAWATER,4.00,,,100.00%,"5,000","21,000",SEAWATER,1,,,0,0:00:00,0%,16.00,12.00,,,,"84,000.00",4
ALGAE_2,2,10:00:00,SEAWATER,7.92,,,101.05%,"9,976","21,000",STEEL,3,,,1,4:00:00,20%,19.00,12.00,,,,"100,799.92",4
ALGAE_3,2,8:30:00,SEAWATER,7.84,,,102.06%,"9,976","21,000",STEEL,5,,,0,-1:30:00,17.65%,22.13,24.00,,,,"118,588.12",4
ALGAE_4,2,7:30:00,SEAWATER,7.76,,,103.04%,"9,976","21,000",STEEL,8,,,0,-1:00:00,13.33%,24.84,32.00,,,,"134,400.00",4
ALGAE_5,4,13:30:00,SEAWATER,15.39,,,103.97%,"19,744","21,000",STEEL,11,,,2,6:00:00,11.11%,27.36,35.56,,,,"149,333.33",4
ALGAE_6,4,12:00:00,SEAWATER,15.26,,,104.88%,"19,744","21,000",STEEL,15,,,0,-1:30:00,12.5%,30.51,41.14,,,,"168,000.00",4
ALGAE_7,4,10:30:00,SEAWATER,15.13,,,105.75%,"19,744","21,000",STEEL,20,,,0,-1:30:00,14.29%,34.58,43.64,,,,"192,000.00",4
ALGAE_8,4,9:00:00,SEAWATER,15.01,,,106.59%,"19,744","21,000",STEEL,26,,,0,-1:30:00,16.67%,40.03,48.00,,,,"224,000.00",4
ALGAE_9,4,8:00:00,SEAWATER,14.90,,,107.41%,"19,744","21,000",STEEL,34,,,0,-1:00:00,12.5%,44.69,50.53,,,,"252,000.25",4
ALGAE_10,6,11:30:00,SEAWATER,22.18,,,108.20%,"28,512","21,000",SCREWS,15,,,2,3:30:00,4.35%,46.29,54.34,,,,"262,956.34",4
ALGAE_11,6,10:30:00,SEAWATER,22.02,,,108.97%,"28,512","21,000",SCREWS,19,,,0,-1:00:00,9.52%,50.34,56.47,,,,"288,000.00",4
ALGAE_12,6,9:30:00,SEAWATER,21.88,,,109.71%,"28,512","21,000",SCREWS,24,,,0,-1:00:00,10.53%,55.27,60.00,,,,"318,316.06",4
ALGAE_13,6,8:45:00,SEAWATER,21.73,,,110.44%,"28,512","21,000",SCREWS,30,,,0,-0:45:00,8.57%,59.61,65.81,,,,"345,600.32",4
ALGAE_14,6,8:00:00,SEAWATER,21.59,,,111.14%,"28,512","21,000",SCREWS,38,,,0,-0:45:00,9.38%,64.78,68.87,,,,"378,000.38",4
ALGAE_15,8,10:30:00,SEAWATER,28.62,,,111.83%,"37,600","21,000",SCREWS,48,,,2,2:30:00,1.59%,65.41,71.72,,,,"384,000.00",4
ALGAE_16,8,9:30:00,SEAWATER,28.45,,,112.49%,"37,600","21,000",SCREWS,61,,,0,-1:00:00,10.53%,71.87,77.14,,,,"424,421.41",4
ALGAE_17,8,9:00:00,SEAWATER,28.28,,,113.14%,"37,600","21,000",SCREWS,76,,,0,-0:30:00,5.56%,75.42,80.00,,,,"448,000.00",4
ALGAE_18,8,8:30:00,SEAWATER,28.12,,,113.78%,"37,600","21,000",SCREWS,96,,,0,-0:30:00,5.88%,79.41,85.04,,,,"474,352.49",4
ALGAE_19,8,8:00:00,SEAWATER,27.97,,,114.40%,"37,600","21,000",SCREWS,120,,,0,-0:30:00,6.25%,83.92,87.45,,,,"504,000.50",4
ALGAE_20,10,8:00:00,SEAWATER,34.78,,,115.00%,"42,500","21,000",SCREWS,150,,,2,0:00:00,25%,104.35,90.00,,,,"630,000.63",5
,,,,,,,,,,,,,,,,,,,,,,,
LAVA_1,1,8:00:00,HEAT,4.00,,,100.00%,"8,335","30,000",HEAT,1,,,0,0:00:00,0%,12.00,9.60,,,,"90,000.09",4
LAVA_2,2,13:00:00,HEAT,7.92,,,101.05%,"16,630","30,000",STEEL,3,,,1,5:00:00,23.08%,14.62,9.60,,,,"110,769.16",4
LAVA_3,2,11:30:00,HEAT,7.84,,,102.06%,"16,630","30,000",STEEL,5,,,0,-1:30:00,13.04%,16.36,19.20,,,,"125,217.30",4
LAVA_4,2,10:30:00,HEAT,7.76,,,103.04%,"16,630","30,000",STEEL,8,,,0,-1:00:00,9.52%,17.75,22.78,,,,"137,142.86",4
LAVA_5,3,15:00:00,HEAT,11.54,,,103.97%,"24,690","30,000",STEEL,11,,,1,4:30:00,5%,18.47,24.00,,,,"144,000.00",4
LAVA_6,3,13:15:00,HEAT,11.44,,,104.88%,"24,690","30,000",STEEL,15,,,0,-1:45:00,13.21%,20.72,30.00,,,,"163,018.97",4
LAVA_7,3,11:45:00,HEAT,11.35,,,105.75%,"24,690","30,000",STEEL,20,,,0,-1:30:00,12.77%,23.18,32.73,,,,"183,829.91",4
LAVA_8,3,10:30:00,HEAT,11.26,,,106.59%,"24,690","30,000",STEEL,26,,,0,-1:15:00,11.9%,25.73,37.65,,,,"205,714.29",4
LAVA_9,3,9:30:00,HEAT,11.17,,,107.41%,"24,690","30,000",STEEL,34,,,0,-1:00:00,10.53%,28.22,40.00,,,,"227,368.61",4
LAVA_10,4,12:30:00,HEAT,14.79,,,108.20%,"32,540","30,000",STEEL,44,,,1,3:00:00,1.33%,28.39,42.04,,,,"230,400.15",4
LAVA_11,4,11:30:00,HEAT,14.68,,,108.97%,"32,540","30,000",STEEL,56,,,0,-1:00:00,8.7%,30.64,46.08,,,,"250,434.61",4
LAVA_12,4,10:15:00,HEAT,14.58,,,109.71%,"32,540","30,000",SCREWS,24,,,0,-1:15:00,12.2%,34.15,48.00,,,,"280,975.83",4
LAVA_13,4,9:00:00,HEAT,14.49,,,110.44%,"32,540","30,000",SCREWS,30,,,0,-1:15:00,13.89%,38.63,55.71,,,,"320,000.00",4
LAVA_14,4,8:00:00,HEAT,14.40,,,111.14%,"32,540","30,000",SCREWS,38,,,0,-1:00:00,12.5%,43.19,58.71,,,,"360,000.36",4
LAVA_15,6,11:30:00,HEAT,21.46,,,111.83%,"47,010","30,000",SCREWS,48,,,2,3:30:00,4.35%,44.79,61.46,,,,"375,651.91",4
LAVA_16,6,10:15:00,HEAT,21.34,,,112.49%,"47,010","30,000",SCREWS,61,,,0,-1:15:00,12.2%,49.96,66.18,,,,"421,463.74",4
LAVA_17,6,9:30:00,HEAT,21.21,,,113.14%,"47,010","30,000",SCREWS,76,,,0,-0:45:00,7.89%,53.59,68.18,,,,"454,737.23",4
LAVA_18,6,8:45:00,HEAT,21.09,,,113.78%,"47,010","30,000",SCREWS,96,,,0,-0:45:00,8.57%,57.86,71.86,,,,"493,714.74",4
LAVA_19,6,8:00:00,HEAT,20.98,,,114.40%,"47,010","30,000",SCREWS,120,,,0,-0:45:00,9.38%,62.94,73.47,,,,"540,000.54",4
LAVA_20,8,8:00:00,HEAT,27.83,,,115.00%,"56,680","30,000",SCREWS,150,,,2,0:00:00,33.33%,83.48,75.00,,,,"720,000.72",4
,,,,,,,,,,,,,,,,,,,,,,,
CERAMICS_1,1,10:00:00,CLAY,300.00,SEAWATER,3.00,100.00%,"11,120","40,000",SEAWATER,1,,,0,0:00:00,0%,720.00,"2,880.00",7.20,12.00,,"95,999.92",4
CERAMICS_2,2,16:00:00,CLAY,593.77,SEAWATER,5.94,101.05%,"22,180","40,000",STEEL,3,,,1,6:00:00,25%,890.65,"20,736.00",8.91,12.00,,"119,999.94",4
CERAMICS_3,2,14:00:00,CLAY,587.89,SEAWATER,5.88,102.06%,"22,180","40,000",STEEL,5,,,0,-2:00:00,14.29%,"1,007.81","21,312.00",10.08,24.00,,"137,142.94",4
CERAMICS_4,2,12:30:00,CLAY,582.30,SEAWATER,5.82,103.04%,"22,180","40,000",STEEL,8,,,0,-1:30:00,12%,"1,118.01","22,320.00",11.18,32.00,,"153,600.10",4
CERAMICS_5,3,17:30:00,CLAY,865.63,SEAWATER,8.66,103.97%,"32,940","40,000",SCREWS,4,,,1,5:00:00,7.14%,"1,187.16","23,208.00",11.87,38.40,,"164,571.35",4
CERAMICS_6,3,15:30:00,CLAY,858.12,SEAWATER,8.58,104.88%,"32,940","40,000",SCREWS,5,,,0,-2:00:00,12.9%,"1,328.71","23,616.00",13.29,41.14,,"185,806.55",4
CERAMICS_7,3,13:45:00,CLAY,851.06,SEAWATER,8.51,105.75%,"32,940","40,000",SCREWS,7,,,0,-1:45:00,12.73%,"1,485.49","24,360.00",14.86,43.64,,"209,454.42",4
CERAMICS_8,3,12:15:00,CLAY,844.36,SEAWATER,8.44,106.59%,"32,940","40,000",SCREWS,9,,,0,-1:30:00,12.24%,"1,654.25","24,708.00",16.54,48.00,,"235,101.89",4
CERAMICS_9,3,11:00:00,CLAY,837.91,SEAWATER,8.38,107.41%,"32,940","40,000",SCREWS,11,,,0,-1:15:00,11.36%,"1,828.17","25,044.00",18.28,50.53,,"261,818.37",4
CERAMICS_10,4,14:30:00,CLAY,"1,109.06",SEAWATER,11.09,108.20%,"43,600","40,000",CERAMICS,66,,,1,3:30:00,1.15%,"1,835.68","25,680.00",18.36,52.36,,"264,827.44",4
CERAMICS_11,4,13:00:00,CLAY,"1,101.22",SEAWATER,11.01,108.97%,"43,600","40,000",CERAMICS,84,,,0,-1:30:00,11.54%,"2,033.02","26,268.00",20.33,56.47,,"295,384.43",4
CERAMICS_12,4,11:45:00,CLAY,"1,093.79",SEAWATER,10.94,109.71%,"43,600","40,000",CERAMICS,107,,,0,-1:15:00,10.64%,"2,234.13","26,544.00",22.34,60.00,,"326,808.73",4
CERAMICS_13,4,10:45:00,CLAY,"1,086.56",SEAWATER,10.87,110.44%,"43,600","40,000",STONE,45,,,0,-1:00:00,9.3%,"2,425.81","27,060.00",24.26,65.81,,"357,209.04",4
CERAMICS_14,4,10:00:00,CLAY,"1,079.72",SEAWATER,10.80,111.14%,"43,600","40,000",STONE,57,,,0,-0:45:00,7.5%,"2,591.32","27,300.00",25.91,68.87,,"383,999.69",4
CERAMICS_15,5,12:30:00,CLAY,"1,341.32",SEAWATER,13.41,111.83%,"54,500","40,000",CEMENT,11,,,1,2:30:00,0%,"2,575.34","27,744.00",25.75,71.72,,"384,000.25",4
CERAMICS_16,5,11:00:00,CLAY,"1,333.45",SEAWATER,13.33,112.49%,"54,500","40,000",CEMENT,14,,,0,-1:30:00,13.64%,"2,909.35","27,948.00",29.09,77.14,,"436,363.95",4
CERAMICS_17,5,9:45:00,CLAY,"1,325.79",SEAWATER,13.26,113.14%,"54,500","40,000",ACID,38,,,0,-1:15:00,12.82%,"3,263.49","28,320.00",32.64,80.00,,"492,307.69",4
CERAMICS_18,5,8:45:00,CLAY,"1,318.33",SEAWATER,13.18,113.78%,"54,500","40,000",ACID,48,,,0,-1:00:00,11.43%,"3,616.00","28,488.00",36.16,85.04,,"548,571.93",4
CERAMICS_19,5,8:00:00,CLAY,"1,311.19",SEAWATER,13.11,114.40%,"54,500","40,000",ACID,60,,,0,-0:45:00,9.38%,"3,933.57","28,650.79",39.34,87.45,,"600,000.60",4
CERAMICS_20,6,8:00:00,CLAY,"1,565.22",SEAWATER,15.65,115.00%,"63,000","40,000",PLASTICS,9,,,1,0:00:00,20%,"4,695.66","28,650.79",46.96,90.00,,"720,000.72",4
,,,,,,,,,,,,,,,,,,,,,,,
STEEL_1,1,12:00:00,COPPER,5.00,,,100.00%,"5,000","100,000",COPPER,2,,,0,0:00:00,0%,10.00,24.00,,,,"200,000.00",20
STEEL_2,1,11:20:00,COPPER,4.86,,,102.97%,"5,000","100,000",STEEL,3,,,0,-0:40:00,5.88%,10.28,123.60,,,,"211,764.81",20
STEEL_3,1,10:50:00,COPPER,4.74,,,105.46%,"5,000","100,000",STEEL,5,,,0,-0:30:00,4.62%,10.50,139.92,,,,"221,538.41",20
STEEL_4,1,10:25:00,COPPER,4.65,,,107.60%,"5,000","100,000",STEEL,8,,,0,-0:25:00,4%,10.71,155.52,,,,"230,399.88",20
STEEL_5,1,10:05:00,COPPER,4.57,,,109.49%,"5,000","100,000",STEEL,11,,,0,-0:20:00,3.31%,10.87,185.04,,,,"238,016.47",20
STEEL_6,1,9:50:00,COPPER,4.50,,,111.17%,"5,000","100,000",STEEL,15,,,0,-0:15:00,2.54%,10.98,198.96,,,,"244,067.93",20
STEEL_7,1,9:35:00,COPPER,4.44,,,112.69%,"5,000","100,000",STEEL,20,,,0,-0:15:00,2.61%,11.11,212.16,,,,"250,434.50",20
STEEL_8,1,9:20:00,COPPER,4.38,,,114.07%,"5,000","100,000",STEEL,26,,,0,-0:15:00,2.68%,11.27,224.88,,,,"257,142.78",20
STEEL_9,1,9:10:00,COPPER,4.34,,,115.34%,"5,000","100,000",STEEL,34,,,0,-0:10:00,1.82%,11.35,248.40,,,,"261,818.49",20
STEEL_10,1,9:00:00,COPPER,4.29,,,116.51%,"5,000","100,000",STEEL,44,,,0,-0:10:00,1.85%,11.44,259.44,,,,"266,666.67",20
STEEL_11,1,8:52:00,COPPER,4.25,,,117.60%,"5,000","100,000",STEEL,56,,,0,-0:08:00,1.5%,11.51,280.08,,,,"270,677.02",20
STEEL_12,1,8:45:00,COPPER,4.22,,,118.62%,"5,000","100,000",STEEL,72,,,0,-0:07:00,1.33%,11.56,289.68,,,,"274,285.97",20
STEEL_13,1,8:39:00,COPPER,4.18,,,119.58%,"5,000","100,000",STEEL,91,,,0,-0:06:00,1.16%,11.60,308.16,,,,"277,456.39",20
STEEL_14,1,8:33:00,COPPER,4.15,,,120.48%,"5,000","100,000",STEEL,115,,,0,-0:06:00,1.17%,11.65,317.04,,,,"280,701.75",20
STEEL_15,1,8:27:00,COPPER,4.12,,,121.33%,"5,000","100,000",SCREWS,48,,,0,-0:06:00,1.18%,11.70,334.08,,,,"284,023.94",20
STEEL_16,1,8:20:00,COPPER,4.09,,,122.14%,"5,000","100,000",SCREWS,61,,,0,-0:07:00,1.4%,11.79,342.48,,,,"288,000.18",20
STEEL_17,1,8:15:00,COPPER,4.07,,,122.90%,"5,000","100,000",SCREWS,76,,,0,-0:05:00,1.01%,11.84,358.80,,,,"290,909.09",20
STEEL_18,1,8:10:00,COPPER,4.04,,,123.63%,"5,000","100,000",SCREWS,96,,,0,-0:05:00,1.02%,11.89,366.72,,,,"293,877.36",20
STEEL_19,1,8:05:00,COPPER,4.02,,,124.33%,"5,000","100,000",SCREWS,120,,,0,-0:05:00,1.03%,11.94,374.40,,,,"296,906.82",20
STEEL_20,1,8:00:00,COPPER,4.00,,,125.00%,"5,000","100,000",SCREWS,150,,,0,-0:05:00,1.04%,12.00,381.00,,,,"300,000.30",20
,,,,,,,,,,,,,,,,,,,,,,,
OXYGEN_1,1,15:00:00,ALGAE,3.00,,,100.00%,"18,500","135,000",ALGAE,1,,,0,0:00:00,0%,4.80,4.00,,,,"216,000.00",7
OXYGEN_2,2,25:00:00,ALGAE,5.94,,,101.05%,"35,000","135,000",SCREWS,3,,,1,10:00:00,20%,5.70,7.11,,,,"259,199.92",8
OXYGEN_3,2,21:00:00,ALGAE,5.88,,,102.06%,"35,000","135,000",SCREWS,4,,,0,-4:00:00,19.05%,6.72,8.00,,,,"308,571.43",8
OXYGEN_4,2,18:00:00,ALGAE,5.82,,,103.04%,"35,000","135,000",SCREWS,5,,,0,-3:00:00,16.67%,7.76,8.00,,,,"360,000.00",8
OXYGEN_5,3,26:00:00,ALGAE,8.66,,,103.97%,"51,000","135,000",SCREWS,7,,,1,8:00:00,3.85%,7.99,9.14,,,,"373,846.27",8
OXYGEN_6,3,23:00:00,ALGAE,8.58,,,104.88%,"51,000","135,000",SCREWS,9,,,0,-3:00:00,13.04%,8.95,10.67,,,,"422,608.84",8
OXYGEN_7,3,21:00:00,ALGAE,8.51,,,105.75%,"51,000","135,000",SCREWS,11,,,0,-2:00:00,9.52%,9.73,12.00,,,,"462,857.14",8
OXYGEN_8,3,20:00:00,ALGAE,8.44,,,106.59%,"51,000","135,000",SCREWS,13,,,0,-1:00:00,5%,10.13,12.52,,,,"486,000.19",8
OXYGEN_9,3,19:00:00,ALGAE,8.38,,,107.41%,"51,000","135,000",SCREWS,17,,,0,-1:00:00,5.26%,10.58,13.71,,,,"511,578.73",8
OXYGEN_10,4,25:00:00,ALGAE,11.09,,,108.20%,"67,400","135,000",SCREWS,21,,,1,6:00:00,1.33%,10.65,15.16,,,,"518,399.83",8
OXYGEN_11,4,22:00:00,ALGAE,11.01,,,108.97%,"67,400","135,000",SCREWS,25,,,0,-3:00:00,13.64%,12.01,15.16,,,,"589,090.69",8
OXYGEN_12,4,19:30:00,ALGAE,10.94,,,109.71%,"67,400","135,000",SCREWS,31,,,0,-2:30:00,12.82%,13.46,16.46,,,,"664,615.38",8
OXYGEN_13,4,17:30:00,ALGAE,10.87,,,110.44%,"67,400","135,000",SCREWS,38,,,0,-2:00:00,11.43%,14.90,18.00,,,,"740,571.09",8
OXYGEN_14,4,16:00:00,ALGAE,10.80,,,111.14%,"67,400","135,000",SCREWS,47,,,0,-1:30:00,9.37%,16.20,18.29,,,,"809,999.60",8
OXYGEN_15,5,19:00:00,ALGAE,13.41,,,111.83%,"83,500","135,000",SCREWS,58,,,1,3:00:00,5.26%,16.94,20.21,,,,"852,631.22",8
OXYGEN_16,5,16:30:00,ALGAE,13.33,,,112.49%,"83,500","135,000",SCREWS,70,,,0,-2:30:00,15.15%,19.40,21.33,,,,"981,818.18",8
OXYGEN_17,5,14:00:00,ALGAE,13.26,,,113.14%,"83,500","135,000",SCREWS,86,,,0,-2:30:00,17.86%,22.73,22.59,,,,"1,157,143.52",8
OXYGEN_18,5,12:00:00,ALGAE,13.18,,,113.78%,"83,500","135,000",SCREWS,104,,,0,-2:00:00,16.67%,26.37,24.00,,,,"1,350,000.00",8
OXYGEN_19,5,10:00:00,ALGAE,13.11,,,114.40%,"83,500","135,000",SCREWS,127,,,0,-2:00:00,20%,31.47,30.00,,,,"1,619,998.70",8
OXYGEN_20,6,8:00:00,ALGAE,15.65,,,115.00%,"99,000","135,000",SCREWS,155,,,1,-2:00:00,50%,46.96,30.00,,,,"2,430,002.43",8
,,,,,,,,,,,,,,,,,,,,,,,
GLASS_1,1,18:00:00,SAND,180.00,HEAT,8.00,100.00%,"24,700","180,000",HEAT,1,,,0,0:00:00,0%,240.00,720.00,10.67,9.60,,"240,000.00",7
GLASS_2,2,30:00:00,SAND,356.26,HEAT,15.83,101.05%,"46,700","180,000",SCREWS,3,,,1,12:00:00,20%,285.01,"7,464.00",12.67,22.78,,"288,000.00",8
GLASS_3,2,25:30:00,SAND,352.73,HEAT,15.68,102.06%,"46,700","180,000",SCREWS,4,,,0,-4:30:00,17.65%,331.98,"7,764.00",14.75,27.11,,"338,823.53",8
GLASS_4,2,22:00:00,SAND,349.38,HEAT,15.53,103.04%,"46,700","180,000",SCREWS,5,,,0,-3:30:00,15.91%,381.14,"8,346.00",16.94,30.00,,"392,727.13",8
GLASS_5,3,31:30:00,SAND,519.38,HEAT,23.08,103.97%,"68,100","180,000",SCREWS,7,,,1,9:30:00,4.76%,395.72,"8,628.00",17.59,32.73,,"411,428.57",8
GLASS_6,3,28:00:00,SAND,514.87,HEAT,22.88,104.88%,"68,100","180,000",GLASS,21,,,0,-3:30:00,12.5%,441.32,"8,904.00",19.61,35.23,,"462,857.01",8
GLASS_7,3,25:00:00,SAND,510.64,HEAT,22.70,105.75%,"68,100","180,000",GLASS,27,,,0,-3:00:00,12%,490.21,"9,174.00",21.79,40.00,,"518,399.83",8
GLASS_8,3,22:30:00,SAND,506.61,HEAT,22.52,106.59%,"68,100","180,000",GLASS,34,,,0,-2:30:00,11.11%,540.39,"9,696.00",24.02,42.04,,"576,000.00",8
GLASS_9,3,20:30:00,SAND,502.75,HEAT,22.34,107.41%,"68,100","180,000",GLASS,42,,,0,-2:00:00,9.76%,588.58,"9,948.00",26.16,44.14,,"632,194.88",8
GLASS_10,4,26:30:00,SAND,665.43,HEAT,29.57,108.20%,"90,000","180,000",GLASS,52,,,1,6:00:00,3.14%,602.66,"10,194.00",26.78,46.08,,"652,075.27",8
GLASS_11,4,23:00:00,SAND,660.73,HEAT,29.37,108.97%,"90,000","180,000",GLASS,64,,,0,-3:30:00,15.22%,689.46,"10,434.00",30.64,52.17,,"751,304.61",8
GLASS_12,4,20:30:00,SAND,656.28,HEAT,29.17,109.71%,"90,000","180,000",GLASS,78,,,0,-2:30:00,12.2%,768.32,"10,668.00",34.15,55.71,,"842,926.50",8
GLASS_13,4,18:30:00,SAND,651.94,HEAT,28.98,110.44%,"90,000","180,000",GLASS,96,,,0,-2:00:00,10.81%,845.76,"11,118.00",37.59,58.71,,"934,054.46",8
GLASS_14,4,17:00:00,SAND,647.83,HEAT,28.79,111.14%,"90,000","180,000",SULFUR,18,,,0,-1:30:00,8.82%,914.59,"11,334.00",40.65,61.46,,"1,016,471.07",8
GLASS_15,5,21:00:00,SAND,804.79,HEAT,35.77,111.83%,"111,500","180,000",SULFUR,22,,,1,4:00:00,1.19%,919.76,"11,544.00",40.88,66.18,,"1,028,571.43",8
GLASS_16,5,17:30:00,SAND,800.07,HEAT,35.56,112.49%,"111,500","180,000",SULFUR,26,,,0,-3:30:00,20%,"1,097.24","11,748.00",48.77,68.18,,"1,234,285.15",8
GLASS_17,5,14:30:00,SAND,795.47,HEAT,35.35,113.14%,"111,500","180,000",SULFUR,32,,,0,-3:00:00,20.69%,"1,316.65","11,946.00",58.52,70.18,,"1,489,654.35",8
GLASS_18,5,12:00:00,SAND,791.00,HEAT,35.16,113.78%,"111,500","180,000",FIBERGLASS,11,,,0,-2:30:00,20.83%,"1,582.00","11,946.00",70.31,71.86,,"1,800,000.00",8
GLASS_19,5,10:00:00,SAND,786.71,HEAT,34.97,114.40%,"111,500","180,000",FIBERGLASS,14,,,0,-2:00:00,20%,"1,888.11","12,140.00",83.92,73.47,,"2,159,998.27",8
GLASS_20,6,8:00:00,SAND,939.13,HEAT,41.74,115.00%,"132,000","180,000",FIBERGLASS,17,,,1,-2:00:00,50%,"2,817.39","12,140.00",125.22,75.00,,"3,240,003.24",8
,,,,,,,,,,,,,,,,,,,,,,,
GAS_1,1,24:00:00,OXYGEN,2.00,,,100.00%,"47,500","450,000",OXYGEN,1,,,0,0:00:00,0%,2.00,1.60,,,,"450,000.00",9
GAS_2,1,21:30:00,OXYGEN,1.98,,,101.00%,"47,500","450,000",STEEL,13,,,0,-2:30:00,11.63%,2.21,2.67,,,,"502,325.77",9
GAS_3,1,19:30:00,OXYGEN,1.96,,,102.00%,"47,500","450,000",STEEL,16,,,0,-2:00:00,10.26%,2.41,2.77,,,,"553,846.15",9
GAS_4,1,18:00:00,OXYGEN,1.94,,,103.00%,"47,500","450,000",STEEL,21,,,0,-1:30:00,8.33%,2.59,2.77,,,,"600,000.00",9
GAS_5,1,16:30:00,OXYGEN,1.92,,,104.00%,"47,500","450,000",STEEL,27,,,0,-1:30:00,9.09%,2.80,3.13,,,,"654,545.45",9
GAS_6,1,15:00:00,OXYGEN,1.90,,,105.00%,"47,500","450,000",SCREWS,12,,,0,-1:30:00,10%,3.05,3.60,,,,"720,000.00",9
GAS_7,1,14:00:00,OXYGEN,1.89,,,106.00%,"47,500","450,000",SCREWS,15,,,0,-1:00:00,7.14%,3.23,3.79,,,,"771,429.01",9
GAS_8,1,13:00:00,OXYGEN,1.87,,,107.00%,"47,500","450,000",SCREWS,20,,,0,-1:00:00,7.69%,3.45,3.84,,,,"830,768.72",9
GAS_9,1,12:00:00,OXYGEN,1.85,,,108.00%,"47,500","450,000",SCREWS,27,,,0,-1:00:00,8.33%,3.70,4.92,,,,"900,000.00",9
GAS_10,2,20:00:00,OXYGEN,3.67,,,109.00%,"93,500","450,000",SCREWS,36,,,1,8:00:00,20%,4.40,5.49,,,,"1,080,000.43",10
GAS_11,2,16:00:00,OXYGEN,3.64,,,110.00%,"93,500","450,000",SCREWS,48,,,0,-4:00:00,25%,5.45,6.00,,,,"1,349,999.33",10
GAS_12,2,13:00:00,OXYGEN,3.60,,,111.00%,"93,500","450,000",SCREWS,65,,,0,-3:00:00,23.08%,6.65,7.27,,,,"1,661,537.44",10
GAS_13,2,10:00:00,OXYGEN,3.57,,,112.00%,"93,500","450,000",SCREWS,87,,,0,-3:00:00,30%,8.57,8.57,,,,"2,159,998.27",10
GAS_14,2,8:00:00,OXYGEN,3.54,,,113.00%,"93,500","450,000",SCREWS,118,,,0,-2:00:00,25%,10.62,12.00,,,,"2,700,002.70",10
GAS_15,3,8:00:00,OXYGEN,5.22,,,115.00%,"138,000","450,000",SCREWS,160,,,1,0:00:00,50%,15.65,18.00,,,,"4,050,004.05",10
,,,,,,,,,,,,,,,,,,,,,,,
STONE_1,1,28:00:00,COPPER,10.00,ALGAE,3.00,100.00%,"63,350","575,000",ALGAE,1,,,0,0:00:00,0%,8.57,24.00,2.57,4.00,,"492,857.00",9
STONE_2,1,25:00:00,COPPER,9.90,ALGAE,2.97,101.00%,"63,350","575,000",STEEL,13,,,0,-3:00:00,12%,9.50,185.04,2.85,8.00,,"551,999.82",9
STONE_3,1,22:30:00,COPPER,9.80,ALGAE,2.94,102.00%,"63,350","575,000",STEEL,16,,,0,-2:30:00,11.11%,10.46,198.96,3.14,9.14,,"613,333.33",9
STONE_4,1,20:30:00,COPPER,9.71,ALGAE,2.91,103.00%,"63,350","575,000",STEEL,21,,,0,-2:00:00,9.76%,11.37,212.16,3.41,9.14,,"673,170.47",9
STONE_5,1,19:00:00,COPPER,9.62,ALGAE,2.88,104.00%,"63,350","575,000",STEEL,27,,,0,-1:30:00,7.89%,12.15,236.88,3.64,10.67,,"726,315.48",9
STONE_6,1,17:30:00,COPPER,9.52,ALGAE,2.86,105.00%,"63,350","575,000",SCREWS,12,,,0,-1:30:00,8.57%,13.06,248.40,3.92,12.52,,"788,571.07",9
STONE_7,1,16:00:00,COPPER,9.43,ALGAE,2.83,106.00%,"63,350","575,000",CERAMICS,68,,,0,-1:30:00,9.37%,14.15,270.00,4.25,12.52,,"862,499.57",9
STONE_8,1,14:30:00,COPPER,9.35,ALGAE,2.80,107.00%,"63,350","575,000",CERAMICS,90,,,0,-1:30:00,10.34%,15.47,280.08,4.64,13.71,,"951,723.61",9
STONE_9,1,13:00:00,COPPER,9.26,ALGAE,2.78,108.00%,"63,350","575,000",STONE,40,,,0,-1:30:00,11.54%,17.09,299.04,5.13,16.46,,"1,061,537.81",9
STONE_10,2,22:00:00,COPPER,18.35,ALGAE,5.50,109.00%,"124,700","575,000",STONE,53,,,1,9:00:00,18.18%,20.02,317.04,6.01,18.00,,"1,254,545.00",9
STONE_11,2,18:00:00,COPPER,18.18,ALGAE,5.45,110.00%,"124,700","575,000",CEMENT,11,,,0,-4:00:00,22.22%,24.24,334.08,7.27,18.29,,"1,533,333.33",9
STONE_12,2,14:30:00,COPPER,18.02,ALGAE,5.41,111.00%,"124,700","575,000",CEMENT,15,,,0,-3:30:00,24.14%,29.82,350.64,8.95,20.21,,"1,903,447.23",9
STONE_13,2,11:00:00,COPPER,17.86,ALGAE,5.36,112.00%,"124,700","575,000",ACID,44,,,0,-3:30:00,31.82%,38.96,366.72,11.69,22.59,,"2,509,092.73",9
STONE_14,2,8:00:00,COPPER,17.70,ALGAE,5.31,113.00%,"124,700","575,000",ACID,59,,,0,-3:00:00,37.5%,53.10,374.40,15.93,24.00,,"3,450,003.45",9
STONE_15,3,8:00:00,COPPER,26.09,ALGAE,7.83,115.00%,"184,050","575,000",PLASTICS,10,,,1,0:00:00,50%,78.26,381.00,23.48,30.00,,"5,175,005.18",9
,,,,,,,,,,,,,,,,,,,,,,,
STEAM_1,1,32:00:00,OXYGEN,2.00,LAVA,4.00,100.00%,"100,000","700,000",OXYGEN,1,,,0,0:00:00,0%,1.50,1.60,3.00,3.00,,"525,000.13",7
STEAM_2,1,28:00:00,OXYGEN,1.98,LAVA,3.96,101.00%,"100,000","700,000",SCREWS,4,,,0,-4:00:00,14.29%,1.70,2.29,3.39,5.43,,"599,999.83",7
STEAM_3,1,24:30:00,OXYGEN,1.96,LAVA,3.92,102.04%,"100,000","700,000",SCREWS,5,,,0,-3:30:00,14.29%,1.92,2.67,3.84,5.43,,"685,714.51",7
STEAM_4,1,21:30:00,OXYGEN,1.94,LAVA,3.88,103.00%,"100,000","700,000",SCREWS,7,,,0,-3:00:00,13.95%,2.17,2.77,4.34,6.13,,"781,395.64",7
STEAM_5,1,19:30:00,OXYGEN,1.92,LAVA,3.85,104.00%,"100,000","700,000",SCREWS,9,,,0,-2:00:00,10.26%,2.37,3.13,4.73,6.86,,"861,538.46",7
STEAM_6,1,18:00:00,OXYGEN,1.90,LAVA,3.81,105.00%,"100,000","700,000",SCREWS,12,,,0,-1:30:00,8.33%,2.54,3.60,5.08,7.68,,"933,333.33",7
STEAM_7,1,16:30:00,OXYGEN,1.89,LAVA,3.77,106.00%,"100,000","700,000",SCREWS,15,,,0,-1:30:00,9.09%,2.74,3.79,5.49,7.68,,"1,018,181.82",7
STEAM_8,1,15:00:00,OXYGEN,1.87,LAVA,3.74,107.00%,"100,000","700,000",SCREWS,20,,,0,-1:30:00,10%,2.99,3.84,5.98,9.37,,"1,120,000.00",7
STEAM_9,1,13:30:00,OXYGEN,1.85,LAVA,3.70,108.00%,"100,000","700,000",SCREWS,27,,,0,-1:30:00,11.11%,3.29,4.92,6.58,10.67,,"1,244,444.44",7
STEAM_10,2,23:30:00,OXYGEN,3.67,LAVA,7.34,109.00%,"196,000","700,000",SCREWS,36,,,1,10:00:00,14.89%,3.75,5.49,7.50,12.00,,"1,429,786.75",7
STEAM_11,2,19:00:00,OXYGEN,3.64,LAVA,7.27,110.00%,"196,000","700,000",SCREWS,48,,,0,-4:30:00,23.68%,4.59,6.00,9.19,12.52,,"1,768,420.31",7
STEAM_12,2,15:00:00,OXYGEN,3.60,LAVA,7.21,111.00%,"196,000","700,000",SCREWS,65,,,0,-4:00:00,26.67%,5.77,7.27,11.53,15.16,,"2,240,000.00",7
STEAM_13,2,11:30:00,OXYGEN,3.57,LAVA,7.14,112.00%,"196,000","700,000",SCREWS,87,,,0,-3:30:00,30.43%,7.45,8.57,14.91,16.46,,"2,921,737.10",7
STEAM_14,2,8:00:00,OXYGEN,3.54,LAVA,7.08,113.00%,"196,000","700,000",SCREWS,118,,,0,-3:30:00,43.75%,10.62,12.00,21.24,18.00,,"4,200,004.20",7
STEAM_15,3,8:00:00,OXYGEN,5.22,LAVA,10.43,115.00%,"285,000","700,000",SCREWS,160,,,1,0:00:00,50%,15.65,18.00,31.30,24.00,,"6,300,006.30",7
,,,,,,,,,,,,,,,,,,,,,,,
SCREWS_1,1,48:00:00,STEEL,3.00,,,100.00%,"25,000","600,000",STEEL,1,,,0,0:00:00,0%,1.50,2.00,,,,"300,000.00",24
SCREWS_2,1,35:00:00,STEEL,2.98,,,100.60%,"25,000","600,000",SCREWS,3,,,0,-13:00:00,37.14%,2.04,2.38,,,,"411,428.67",24
SCREWS_3,1,28:00:00,STEEL,2.96,,,101.29%,"25,000","600,000",SCREWS,5,,,0,-7:00:00,25%,2.54,2.44,,,,"514,285.57",24
SCREWS_4,1,23:00:00,STEEL,2.94,,,102.09%,"25,000","600,000",SCREWS,7,,,0,-5:00:00,21.74%,3.07,2.50,,,,"626,087.17",24
SCREWS_5,1,19:30:00,STEEL,2.91,,,103.02%,"25,000","600,000",SCREWS,10,,,0,-3:30:00,17.95%,3.58,2.62,,,,"738,461.54",24
SCREWS_6,1,17:00:00,STEEL,2.88,,,104.08%,"25,000","600,000",SCREWS,13,,,0,-2:30:00,14.71%,4.07,2.67,,,,"847,059.22",24
SCREWS_7,1,15:00:00,STEEL,2.85,,,105.31%,"25,000","600,000",SCREWS,18,,,0,-2:00:00,13.33%,4.56,2.71,,,,"960,000.00",24
SCREWS_8,1,13:30:00,STEEL,2.81,,,106.72%,"25,000","600,000",SCREWS,24,,,0,-1:30:00,11.11%,5.00,2.74,,,,"1,066,666.67",24
SCREWS_9,1,12:15:00,STEEL,2.77,,,108.36%,"25,000","600,000",SCREWS,32,,,0,-1:15:00,10.2%,5.42,2.81,,,,"1,175,509.44",24
SCREWS_10,1,11:15:00,STEEL,2.72,,,110.24%,"25,000","600,000",SCREWS,42,,,0,-1:00:00,8.89%,5.81,2.84,,,,"1,280,000.00",24
SCREWS_11,1,10:20:00,STEEL,2.67,,,112.41%,"25,000","600,000",SCREWS,55,,,0,-0:55:00,8.87%,6.20,2.88,,,,"1,393,546.95",24
SCREWS_12,1,9:30:00,STEEL,2.61,,,114.92%,"25,000","600,000",SCREWS,72,,,0,-0:50:00,8.77%,6.59,2.91,,,,"1,515,790.75",24
SCREWS_13,1,8:50:00,STEEL,2.55,,,117.81%,"25,000","600,000",SCREWS,93,,,0,-0:40:00,7.55%,6.92,2.94,,,,"1,630,186.71",24
SCREWS_14,1,8:20:00,STEEL,2.48,,,121.15%,"25,000","600,000",SCREWS,120,,,0,-0:30:00,6%,7.13,2.97,,,,"1,728,001.11",24
SCREWS_15,1,8:00:00,STEEL,2.40,,,125.00%,"25,000","600,000",SCREWS,155,,,0,-0:20:00,4.17%,7.20,3.00,,,,"1,800,001.80",24
,,,,,,,,,,,,,,,,,,,,,,,
FUEL_1,1,56:00:00,GAS,3.00,,,100.00%,"150,000","1,650,000",GAS,1,,,0,0:00:00,0%,1.29,1.00,,,,"707,142.96",11
FUEL_2,1,46:00:00,GAS,2.97,,,101.00%,"150,000","1,650,000",SCREWS,8,,,0,-10:00:00,21.74%,1.55,1.45,,,,"860,869.42",11
FUEL_3,1,40:00:00,GAS,2.94,,,102.00%,"150,000","1,650,000",SCREWS,9,,,0,-6:00:00,15%,1.76,1.45,,,,"989,999.80",11
FUEL_4,1,35:00:00,GAS,2.91,,,103.00%,"150,000","1,650,000",SCREWS,10,,,0,-5:00:00,14.29%,2.00,1.60,,,,"1,131,428.83",11
FUEL_5,1,30:00:00,GAS,2.88,,,104.00%,"150,000","1,650,000",SCREWS,12,,,0,-5:00:00,16.67%,2.31,1.60,,,,"1,320,000.00",11
FUEL_6,1,26:00:00,GAS,2.86,,,105.00%,"150,000","1,650,000",SCREWS,14,,,0,-4:00:00,15.38%,2.64,1.71,,,,"1,523,077.39",11
FUEL_7,1,23:00:00,GAS,2.83,,,106.00%,"150,000","1,650,000",SCREWS,17,,,0,-3:00:00,13.04%,2.95,1.85,,,,"1,721,739.73",11
FUEL_8,1,20:00:00,GAS,2.80,,,107.00%,"150,000","1,650,000",SCREWS,22,,,0,-3:00:00,15%,3.36,2.00,,,,"1,980,000.79",11
FUEL_9,1,18:00:00,GAS,2.78,,,108.00%,"150,000","1,650,000",SCREWS,28,,,0,-2:00:00,11.11%,3.70,2.00,,,,"2,200,000.00",11
FUEL_10,1,16:00:00,GAS,2.75,,,109.00%,"150,000","1,650,000",SCREWS,37,,,0,-2:00:00,12.5%,4.13,2.40,,,,"2,474,998.76",11
FUEL_11,1,14:00:00,GAS,2.73,,,110.00%,"150,000","1,650,000",SCREWS,49,,,0,-2:00:00,14.29%,4.68,3.00,,,,"2,828,573.04",11
FUEL_12,1,12:00:00,GAS,2.70,,,111.00%,"150,000","1,650,000",SCREWS,66,,,0,-2:00:00,16.67%,5.41,3.69,,,,"3,300,000.00",11
FUEL_13,1,10:30:00,GAS,2.68,,,112.00%,"150,000","1,650,000",SCREWS,90,,,0,-1:30:00,14.29%,6.12,4.80,,,,"3,771,428.57",11
FUEL_14,1,9:00:00,GAS,2.65,,,113.00%,"150,000","1,650,000",SCREWS,123,,,0,-1:30:00,16.67%,7.08,6.00,,,,"4,400,000.00",11
FUEL_15,1,8:00:00,GAS,2.61,,,115.00%,"150,000","1,650,000",SCREWS,170,,,0,-1:00:00,12.5%,7.83,9.00,,,,"4,950,004.95",11
,,,,,,,,,,,,,,,,,,,,,,,
CEMENT_1,1,64:00:00,CERAMICS,10.00,STONE,3.00,100.00%,"176,250","2,000,000",CERAMICS,1,,,0,0:00:00,0%,3.75,2.40,1.12,0.86,,"749,999.91",11
CEMENT_2,1,52:00:00,CERAMICS,9.90,STONE,2.97,101.00%,"176,250","2,000,000",SCREWS,8,,,0,-12:00:00,23.08%,4.57,5.88,1.37,1.26,,"923,076.78",11
CEMENT_3,1,45:00:00,CERAMICS,9.80,STONE,2.94,102.00%,"176,250","2,000,000",SCREWS,9,,,0,-7:00:00,15.56%,5.23,5.88,1.57,1.26,,"1,066,666.67",11
CEMENT_4,1,39:00:00,CERAMICS,9.71,STONE,2.91,103.00%,"176,250","2,000,000",SCREWS,10,,,0,-6:00:00,15.38%,5.97,6.55,1.79,1.37,,"1,230,769.23",11
CEMENT_5,1,34:00:00,CERAMICS,9.62,STONE,2.88,104.00%,"176,250","2,000,000",CERAMICS,53,,,0,-5:00:00,14.71%,6.79,6.62,2.04,1.37,,"1,411,764.37",11
CEMENT_6,1,30:00:00,CERAMICS,9.52,STONE,2.86,105.00%,"176,250","2,000,000",CERAMICS,63,,,0,-4:00:00,13.33%,7.62,6.62,2.29,1.50,,"1,600,000.00",11
CEMENT_7,1,27:00:00,CERAMICS,9.43,STONE,2.83,106.00%,"176,250","2,000,000",STONE,26,,,0,-3:00:00,11.11%,8.39,7.38,2.52,1.66,,"1,777,777.78",11
CEMENT_8,1,24:00:00,CERAMICS,9.35,STONE,2.80,107.00%,"176,250","2,000,000",STONE,33,,,0,-3:00:00,12.5%,9.35,8.17,2.80,1.85,,"2,000,000.00",11
CEMENT_9,1,21:00:00,CERAMICS,9.26,STONE,2.78,108.00%,"176,250","2,000,000",STONE,42,,,0,-3:00:00,14.29%,10.58,8.93,3.17,1.85,,"2,285,714.29",11
CEMENT_10,1,18:00:00,CERAMICS,9.17,STONE,2.75,109.00%,"176,250","2,000,000",CEMENT,9,,,0,-3:00:00,16.67%,12.23,9.60,3.67,2.67,,"2,666,666.67",11
CEMENT_11,1,15:00:00,CERAMICS,9.09,STONE,2.73,110.00%,"176,250","2,000,000",CEMENT,12,,,0,-3:00:00,20%,14.55,10.91,4.36,3.31,,"3,200,000.00",11
CEMENT_12,1,12:30:00,CERAMICS,9.01,STONE,2.70,111.00%,"176,250","2,000,000",ACID,33,,,0,-2:30:00,20%,17.30,12.31,5.19,3.31,,"3,840,002.46",11
CEMENT_13,1,10:30:00,CERAMICS,8.93,STONE,2.68,112.00%,"176,250","2,000,000",ACID,45,,,0,-2:00:00,19.05%,20.41,13.71,6.12,4.36,,"4,571,428.57",11
CEMENT_14,1,9:00:00,CERAMICS,8.85,STONE,2.65,113.00%,"176,250","2,000,000",PLASTICS,7,,,0,-1:30:00,16.67%,23.60,15.00,7.08,6.00,,"5,333,333.33",11
CEMENT_15,1,8:00:00,CERAMICS,8.70,STONE,2.61,115.00%,"176,250","2,000,000",PLASTICS,10,,,0,-1:00:00,12.5%,26.09,18.00,7.83,9.00,,"6,000,006.00",11
,,,,,,,,,,,,,,,,,,,,,,,
OIL_1,1,96:00:00,FUEL,3.00,,,100.00%,"262,500","3,500,000",FUEL,1,,,0,0:00:00,0%,0.75,0.43,,,,"875,000.00",13
OIL_2,1,72:00:00,FUEL,2.97,,,101.18%,"262,500","3,500,000",SCREWS,10,,,0,-24:00:00,33.33%,0.99,0.69,,,,"1,166,666.67",13
OIL_3,1,56:00:00,FUEL,2.93,,,102.46%,"262,500","3,500,000",SCREWS,15,,,0,-16:00:00,28.57%,1.25,1.04,,,,"1,500,000.21",13
OIL_4,1,46:00:00,FUEL,2.89,,,103.85%,"262,500","3,500,000",SCREWS,23,,,0,-10:00:00,21.74%,1.51,1.20,,,,"1,826,086.64",13
OIL_5,1,38:00:00,FUEL,2.85,,,105.36%,"262,500","3,500,000",SCREWS,33,,,0,-8:00:00,21.05%,1.80,1.50,,,,"2,210,526.78",13
OIL_6,1,32:00:00,FUEL,2.80,,,106.99%,"262,500","3,500,000",SCREWS,47,,,0,-6:00:00,18.75%,2.10,1.71,,,,"2,625,000.66",13
OIL_7,1,26:00:00,FUEL,2.76,,,108.76%,"262,500","3,500,000",SCREWS,66,,,0,-6:00:00,23.08%,2.55,2.00,,,,"3,230,770.22",13
OIL_8,1,20:00:00,FUEL,2.71,,,110.67%,"262,500","3,500,000",SCREWS,91,,,0,-6:00:00,30%,3.25,2.29,,,,"4,200,001.68",13
OIL_9,1,15:00:00,FUEL,2.66,,,112.75%,"262,500","3,500,000",SCREWS,127,,,0,-5:00:00,33.33%,4.26,2.67,,,,"5,600,000.00",13
OIL_10,1,10:00:00,FUEL,2.61,,,115.00%,"262,500","3,500,000",SCREWS,175,,,0,-5:00:00,50%,6.26,3.00,,,,"8,399,993.28",13
,,,,,,,,,,,,,,,,,,,,,,,
ACID_1,1,108:00:00,FUEL,2.00,SCREWS,2.00,100.00%,"297,500","4,000,000",FUEL,1,,,0,0:00:00,0%,0.44,0.43,0.44,0.50,,"888,888.89",13
ACID_2,1,78:00:00,FUEL,1.98,SCREWS,1.98,101.18%,"297,500","4,000,000",SCREWS,10,,,0,-30:00:00,38.46%,0.61,0.69,0.61,1.23,,"1,230,769.23",13
ACID_3,1,61:00:00,FUEL,1.95,SCREWS,1.95,102.46%,"297,500","4,000,000",CERAMICS,69,,,0,-17:00:00,27.87%,0.77,1.04,0.77,1.60,,"1,573,770.29",13
ACID_4,1,50:00:00,FUEL,1.93,SCREWS,1.93,103.85%,"297,500","4,000,000",CERAMICS,102,,,0,-11:00:00,22%,0.92,1.20,0.92,1.78,,"1,920,000.31",13
ACID_5,1,41:00:00,FUEL,1.90,SCREWS,1.90,105.36%,"297,500","4,000,000",STONE,49,,,0,-9:00:00,21.95%,1.11,1.50,1.11,1.96,,"2,341,463.87",13
ACID_6,1,34:00:00,FUEL,1.87,SCREWS,1.87,106.99%,"297,500","4,000,000",STONE,70,,,0,-7:00:00,20.59%,1.32,1.71,1.32,2.32,,"2,823,528.75",13
ACID_7,1,27:00:00,FUEL,1.84,SCREWS,1.84,108.76%,"297,500","4,000,000",CEMENT,16,,,0,-7:00:00,25.93%,1.63,2.00,1.63,2.53,,"3,555,555.56",13
ACID_8,1,21:00:00,FUEL,1.81,SCREWS,1.81,110.67%,"297,500","4,000,000",ACID,46,,,0,-6:00:00,28.57%,2.07,2.29,2.07,2.72,,"4,571,428.57",13
ACID_9,1,15:00:00,FUEL,1.77,SCREWS,1.77,112.75%,"297,500","4,000,000",ACID,63,,,0,-6:00:00,40%,2.84,2.67,2.84,2.88,,"6,400,000.00",13
ACID_10,1,10:00:00,FUEL,1.74,SCREWS,1.74,115.00%,"297,500","4,000,000",PLASTICS,11,,,0,-5:00:00,50%,4.17,3.00,4.17,3.00,,"9,599,992.32",13
,,,,,,,,,,,,,,,,,,,,,,,
SULFUR_1,1,120:00:00,STEEL,8.00,LAVA,10.00,100.00%,"350,000","4,500,000",LAVA,1,,,0,0:00:00,0%,1.60,2.00,2.00,3.00,,"900,000.00",13
SULFUR_2,1,84:00:00,STEEL,7.91,LAVA,9.88,101.18%,"350,000","4,500,000",SCREWS,10,,,0,-36:00:00,42.86%,2.26,2.62,2.82,7.58,,"1,285,714.29",13
SULFUR_3,1,66:00:00,STEEL,7.81,LAVA,9.76,102.46%,"350,000","4,500,000",GLASS,38,,,0,-18:00:00,27.27%,2.84,2.67,3.55,7.68,,"1,636,363.64",13
SULFUR_4,1,54:00:00,STEEL,7.70,LAVA,9.63,103.85%,"350,000","4,500,000",GLASS,57,,,0,-12:00:00,22.22%,3.42,2.74,4.28,9.37,,"2,000,000.00",13
SULFUR_5,1,44:00:00,STEEL,7.59,LAVA,9.49,105.36%,"350,000","4,500,000",GLASS,82,,,0,-10:00:00,22.73%,4.14,2.81,5.18,12.00,,"2,454,545.90",13
SULFUR_6,1,36:00:00,STEEL,7.48,LAVA,9.35,106.99%,"350,000","4,500,000",SULFUR,17,,,0,-8:00:00,22.22%,4.98,2.84,6.23,12.52,,"3,000,000.00",13
SULFUR_7,1,28:00:00,STEEL,7.36,LAVA,9.19,108.76%,"350,000","4,500,000",SULFUR,25,,,0,-8:00:00,28.57%,6.30,2.91,7.88,15.16,,"3,857,141.76",13
SULFUR_8,1,21:00:00,STEEL,7.23,LAVA,9.04,110.67%,"350,000","4,500,000",SULFUR,34,,,0,-7:00:00,33.33%,8.26,2.94,10.33,16.46,,"5,142,857.14",13
SULFUR_9,1,15:00:00,STEEL,7.10,LAVA,8.87,112.75%,"350,000","4,500,000",FIBERGLASS,14,,,0,-6:00:00,40%,11.35,3.00,14.19,24.00,,"7,200,000.00",13
SULFUR_10,1,10:00:00,STEEL,6.96,LAVA,8.70,115.00%,"350,000","4,500,000",FIBERGLASS,19,,,0,-5:00:00,50%,16.70,3.00,20.87,24.00,,"10,799,991.36",13
,,,,,,,,,,,,,,,,,,,,,,,
PLASTICS_1,1,168:00:00,CEMENT,3.00,ACID,2.00,100.00%,"435,000","6,750,000",CEMENT,2,,,0,0:00:00,0%,0.43,0.37,0.29,0.22,,"964,285.71",16
PLASTICS_2,1,120:00:00,CEMENT,2.97,ACID,1.98,101.18%,"435,000","6,750,000",SCREWS,15,,,0,-48:00:00,40%,0.59,0.89,0.40,0.39,,"1,350,000.00",16
PLASTICS_3,1,88:00:00,CEMENT,2.93,ACID,1.95,102.46%,"435,000","6,750,000",CERAMICS,79,,,0,-32:00:00,36.36%,0.80,0.89,0.53,0.48,,"1,840,908.92",16
PLASTICS_4,1,64:00:00,CEMENT,2.89,ACID,1.93,103.85%,"435,000","6,750,000",CERAMICS,96,,,0,-24:00:00,37.5%,1.08,1.00,0.72,0.48,,"2,531,249.68",16
PLASTICS_5,1,48:00:00,CEMENT,2.85,ACID,1.90,105.36%,"435,000","6,750,000",STONE,41,,,0,-16:00:00,33.33%,1.42,1.14,0.95,0.59,,"3,375,000.00",16
PLASTICS_6,1,36:00:00,CEMENT,2.80,ACID,1.87,106.99%,"435,000","6,750,000",STONE,56,,,0,-12:00:00,33.33%,1.87,1.33,1.25,0.71,,"4,500,000.00",16
PLASTICS_7,1,28:00:00,CEMENT,2.76,ACID,1.84,108.76%,"435,000","6,750,000",CEMENT,13,,,0,-8:00:00,28.57%,2.36,1.92,1.58,0.89,,"5,785,712.63",16
PLASTICS_8,1,22:00:00,CEMENT,2.71,ACID,1.81,110.67%,"435,000","6,750,000",ACID,41,,,0,-6:00:00,27.27%,2.96,2.29,1.97,1.14,,"7,363,633.69",16
PLASTICS_9,1,17:00:00,CEMENT,2.66,ACID,1.77,112.75%,"435,000","6,750,000",ACID,63,,,0,-5:00:00,29.41%,3.76,3.00,2.50,1.60,,"9,529,416.25",16
PLASTICS_10,1,12:00:00,CEMENT,2.61,ACID,1.74,115.00%,"435,000","6,750,000",PLASTICS,12,,,0,-5:00:00,41.67%,5.22,3.00,3.48,2.40,,"13,500,000.00",16
,,,,,,,,,,,,,,,,,,,,,,,
FIBERGLASS_1,1,192:00:00,GLASS,10.00,SULFUR,2.00,100.00%,"510,000","8,000,000",GLASS,2,,,0,0:00:00,0%,1.25,1.33,0.25,0.20,,"1,000,000.00",16
FIBERGLASS_2,1,132:00:00,GLASS,9.88,SULFUR,1.98,101.18%,"510,000","8,000,000",SCREWS,15,,,0,-60:00:00,45.45%,1.80,3.51,0.36,0.36,,"1,454,545.45",16
FIBERGLASS_3,1,92:00:00,GLASS,9.76,SULFUR,1.95,102.46%,"510,000","8,000,000",GLASS,44,,,0,-40:00:00,43.48%,2.55,3.51,0.51,0.44,,"2,086,956.70",16
FIBERGLASS_4,1,64:00:00,GLASS,9.63,SULFUR,1.93,103.85%,"510,000","8,000,000",GLASS,53,,,0,-28:00:00,43.75%,3.61,3.62,0.72,0.44,,"2,999,999.63",16
FIBERGLASS_5,1,48:00:00,GLASS,9.49,SULFUR,1.90,105.36%,"510,000","8,000,000",GLASS,69,,,0,-16:00:00,33.33%,4.75,4.68,0.95,0.55,,"4,000,000.00",16
FIBERGLASS_6,1,36:00:00,GLASS,9.35,SULFUR,1.87,106.99%,"510,000","8,000,000",SULFUR,14,,,0,-12:00:00,33.33%,6.23,5.19,1.25,0.67,,"5,333,333.33",16
FIBERGLASS_7,1,28:00:00,GLASS,9.19,SULFUR,1.84,108.76%,"510,000","8,000,000",SULFUR,20,,,0,-8:00:00,28.57%,7.88,5.71,1.58,0.86,,"6,857,140.90",16
FIBERGLASS_8,1,22:00:00,GLASS,9.04,SULFUR,1.81,110.67%,"510,000","8,000,000",SULFUR,30,,,0,-6:00:00,27.27%,9.86,8.28,1.97,1.14,,"8,727,269.55",16
FIBERGLASS_9,1,17:00:00,GLASS,8.87,SULFUR,1.77,112.75%,"510,000","8,000,000",SULFUR,47,,,0,-5:00:00,29.41%,12.52,12.00,2.50,1.60,,"11,294,122.96",16
FIBERGLASS_10,1,12:00:00,GLASS,8.70,SULFUR,1.74,115.00%,"510,000","8,000,000",FIBERGLASS,21,,,0,-5:00:00,41.67%,17.39,18.00,3.48,2.40,,"16,000,000.00",16
,,,,,,,,,,,,,,,,,,,,,,,
ENERGY_1,1,216:00:00,OIL,2.00,HEAT,72.00,100.00%,"550,000","9,250,000",HEAT,2,,,0,0:00:00,0%,0.22,0.25,8.00,9.60,,"1,027,777.78",17
ENERGY_2,1,144:00:00,OIL,1.98,HEAT,71.16,101.18%,"550,000","9,250,000",SCREWS,15,,,0,-72:00:00,50%,0.33,0.43,11.86,44.14,,"1,541,666.67",17
ENERGY_3,1,96:00:00,OIL,1.95,HEAT,70.27,102.46%,"550,000","9,250,000",SCREWS,18,,,0,-48:00:00,50%,0.49,0.52,17.57,46.08,,"2,312,500.00",17
ENERGY_4,1,64:00:00,OIL,1.93,HEAT,69.33,103.85%,"550,000","9,250,000",SCREWS,21,,,0,-32:00:00,50%,0.72,0.52,26.00,46.08,,"3,468,749.57",17
ENERGY_5,1,48:00:00,OIL,1.90,HEAT,68.34,105.36%,"550,000","9,250,000",SCREWS,27,,,0,-16:00:00,33.33%,0.95,0.63,34.17,52.17,,"4,625,000.00",17
ENERGY_6,1,36:00:00,OIL,1.87,HEAT,67.30,106.99%,"550,000","9,250,000",SCREWS,37,,,0,-12:00:00,33.33%,1.25,0.75,44.86,58.71,,"6,166,666.67",17
ENERGY_7,1,28:00:00,OIL,1.84,HEAT,66.20,108.76%,"550,000","9,250,000",SCREWS,54,,,0,-8:00:00,28.57%,1.58,0.92,56.74,63.94,,"7,928,569.16",17
ENERGY_8,1,22:00:00,OIL,1.81,HEAT,65.06,110.67%,"550,000","9,250,000",SCREWS,81,,,0,-6:00:00,27.27%,1.97,1.20,70.97,68.18,,"10,090,905.42",17
ENERGY_9,1,17:00:00,OIL,1.77,HEAT,63.86,112.75%,"550,000","9,250,000",SCREWS,126,,,0,-5:00:00,29.41%,2.50,1.60,90.15,73.47,,"13,058,829.67",17
ENERGY_10,1,12:00:00,OIL,1.74,HEAT,62.61,115.00%,"550,000","9,250,000",SCREWS,200,,,0,-5:00:00,41.67%,3.48,2.40,125.22,75.00,,"18,500,000.00",17
,,,,,,,,,,,,,,,,,,,,,,,
HYDROGEN_1,1,240:00:00,STEAM,7.00,ENERGY,2.00,100.00%,"687,500","12,500,000",STEAM,3,,,0,0:00:00,0%,0.70,0.75,0.20,0.11,,"1,250,000.00",18
HYDROGEN_2,1,144:00:00,STEAM,6.80,ENERGY,1.94,103.00%,"687,500","12,500,000",SCREWS,20,,,0,-96:00:00,66.67%,1.13,1.60,0.32,0.37,,"2,083,333.33",18
HYDROGEN_3,1,72:00:00,STEAM,6.60,ENERGY,1.89,106.00%,"687,500","12,500,000",SCREWS,30,,,0,-72:00:00,100%,2.20,2.04,0.63,0.67,,"4,166,666.67",18
HYDROGEN_4,1,40:00:00,STEAM,6.36,ENERGY,1.82,110.00%,"687,500","12,500,000",SCREWS,70,,,0,-32:00:00,80%,3.82,4.17,1.09,1.09,,"7,499,998.50",18
HYDROGEN_5,1,24:00:00,STEAM,6.09,ENERGY,1.74,115.00%,"687,500","12,500,000",SCREWS,200,,,0,-16:00:00,66.67%,6.09,9.00,1.74,2.00,,"12,500,000.00",18
,,,,,,,,,,,,,,,,,,,,,,,
DYNAMITE_1,1,336:00:00,FIBERGLASS,3.00,PLASTICS,2.00,100.00%,"1,000,000","20,000,000",PLASTICS,1,,,0,0:00:00,0%,0.21,0.13,0.14,0.14,,"1,428,571.43",20
DYNAMITE_2,1,192:00:00,FIBERGLASS,2.91,PLASTICS,1.94,103.00%,"1,000,000","20,000,000",SCREWS,20,,,0,-144:00:00,75%,0.36,0.37,0.24,0.37,,"2,500,000.00",20
DYNAMITE_3,1,96:00:00,FIBERGLASS,2.83,PLASTICS,1.89,106.00%,"1,000,000","20,000,000",SCREWS,30,,,0,-96:00:00,100%,0.71,0.67,0.47,0.67,,"5,000,000.00",20
DYNAMITE_4,1,48:00:00,FIBERGLASS,2.73,PLASTICS,1.82,110.00%,"1,000,000","20,000,000",SCREWS,70,,,0,-48:00:00,100%,1.36,1.09,0.91,1.09,,"10,000,000.00",20
DYNAMITE_5,1,24:00:00,FIBERGLASS,2.61,PLASTICS,1.74,115.00%,"1,000,000","20,000,000",SCREWS,200,,,0,-24:00:00,100%,2.61,2.00,1.74,2.00,,"20,000,000.00",20
,,,,,,,,,,,,,,,,,,,,,,,
BOWL_1,10,0:00:10,BURNTRICE,10.00,,,100.00%,0,0,BURNTRICE,1,Ronke,,0,0:00:00,0%,"86,400.00","115,200.00",,,,0.00,
BOWL_2,20,0:00:15,BURNTRICE,20.00,,,100.00%,0,0,BOWL,18,Ronke,,10,0:00:05,33.33%,"115,200.00","195,840.00",,,,0.00,
BOWL_3,42,0:00:28,BURNTRICE,42.00,,,100.00%,0,0,BOWL,34,Ronke,,22,0:00:13,12.44%,"129,535.23","230,400.00",,,,0.00,
BOWL_4,75,0:00:46,BURNTRICE,75.00,,,100.00%,0,0,BOWL,56,Ronke,,33,0:00:18,9.7%,"142,105.26","259,200.00",,,,0.00,
BOWL_5,115,0:01:05,BURNTRICE,115.00,,,100.00%,0,0,BOWL,86,Ronke,,40,0:00:19,8.38%,"154,010.70","312,000.00",,,,0.00,
BOWL_6,160,0:01:24,BURNTRICE,160.00,,,100.00%,0,0,RAWRMEN,11,Ronke,,45,0:00:19,7.27%,"165,200.76","345,600.00",,,,0.00,
BOWL_7,206,0:01:41,BURNTRICE,206.00,,,100.00%,0,0,MEATBALL,4,Ronke,,46,0:00:17,6.73%,"176,326.53","345,600.00",,,,0.00,
BOWL_8,260,0:02:00,BURNTRICE,260.00,,,100.00%,0,0,RAWRMEN,22,Ronke,,54,0:00:19,6.06%,"187,012.99","411,428.64",,,,0.00,
BOWL_9,342,0:02:30,BURNTRICE,342.00,,,100.00%,0,0,MEATBALL,7,Ronke,,82,0:00:30,5.24%,"196,810.93","411,428.64",,,,0.00,
BOWL_10,430,0:03:02,BURNTRICE,430.00,,,100.00%,0,0,RAWRMEN,43,Ronke,,88,0:00:32,3.66%,"204,010.81","439,321.92",,,,0.00,
BOWL_11,560,0:03:52,BURNTRICE,560.00,,,100.00%,0,0,MEATBALL,14,Ronke,,130,0:00:50,2.35%,"208,810.94","468,433.68",,,,0.00,
BOWL_12,700,0:04:44,BURNTRICE,700.00,,,100.00%,0,0,RAWRMEN,82,Ronke,,140,0:00:53,1.82%,"212,619.35","496,551.84",,,,0.00,
BOWL_13,"1,025",0:06:48,BURNTRICE,"1,025.00",,,100.00%,0,0,MEATBALL,25,Ronke,,325,0:02:04,2.02%,"216,913.15","496,551.84",,,,0.00,
BOWL_14,"1,400",0:09:06,BURNTRICE,"1,400.00",,,100.00%,0,0,PANCAKE,11,Ronke,,375,0:02:17,2.21%,"221,711.85","523,636.32",,,,0.00,
BOWL_15,"1,847",0:11:43,BURNTRICE,"1,847.00",,,100.00%,0,0,DUMPLING,6,Ronke,,447,0:02:37,2.44%,"227,129.27","555,000.00",,,,0.00,
BOWL_16,"2,381",0:14:42,BURNTRICE,"2,381.00",,,100.00%,0,0,PANCAKE,17,Ronke,,534,0:02:59,2.7%,"233,252.72","555,000.00",,,,0.00,
BOWL_17,"3,017",0:18:06,BURNTRICE,"3,017.00",,,100.00%,0,0,DUMPLING,11,Ronke,,636,0:03:24,2.94%,"240,108.55","568,421.04",,,,0.00,
BOWL_18,"3,776",0:21:56,BURNTRICE,"3,776.00",,,100.00%,0,0,PANCAKE,30,Ronke,,759,0:03:51,3.21%,"247,824.17","596,250.00",,,,0.00,
BOWL_19,"4,682",0:26:17,BURNTRICE,"4,682.00",,,100.00%,0,0,DUMPLING,20,Ronke,,906,0:04:21,3.49%,"256,464.18","624,705.84",,,,0.00,
BOWL_20,"5,763",0:31:10,BURNTRICE,"5,763.00",,,100.00%,0,0,BURGER,2,Ronke,,1081,0:04:53,3.8%,"266,201.47","624,705.84",,,,0.00,
BOWL_21,"7,052",0:36:39,BURNTRICE,"7,052.00",,,100.00%,0,0,DANGO,3,Ronke,,1289,0:05:28,4.1%,"277,109.35","691,578.96",,,,0.00,
BOWL_22,"8,590",0:42:45,BURNTRICE,"8,590.00",,,100.00%,0,0,WAGYU,1,Ronke,,1538,0:06:06,4.43%,"289,373.88","788,571.36",,,,0.00,
BOWL_23,"10,425",0:49:32,BURNTRICE,"10,425.00",,,100.00%,0,0,BURGER,6,Ronke,,1835,0:06:47,4.74%,"303,076.90","788,571.36",,,,0.00,
BOWL_24,"12,614",0:57:02,BURNTRICE,"12,614.00",,,100.00%,0,0,DANGO,8,Ronke,,2189,0:07:30,5.09%,"318,493.56","842,727.36",,,,0.00,
BOWL_25,"15,226",1:05:18,BURNTRICE,"15,226.00",,,100.00%,0,0,WAGYU,2,Ronke,,2612,0:08:16,5.42%,"335,756.29","915,652.08",,,,0.00,
BOWL_26,"18,342",1:14:23,BURNTRICE,"18,342.00",,,100.00%,0,0,BURGER,18,Ronke,,3116,0:09:05,5.76%,"355,081.06","1,080,000.00",,,,0.00,
BOWL_27,"22,058",1:24:19,BURNTRICE,"22,058.00",,,100.00%,0,0,DANGO,24,Ronke,,3716,0:09:56,6.1%,"376,732.92","1,190,769.12",,,,0.00,
BOWL_28,"26,493",1:35:09,BURNTRICE,"26,493.00",,,100.00%,0,0,BURGER,35,Ronke,,4435,0:10:50,6.43%,"400,946.51","1,309,090.80",,,,0.00,
BOWL_29,"31,783",1:46:55,BURNTRICE,"31,783.00",,,100.00%,0,0,DANGO,48,Ronke,,5290,0:11:46,6.77%,"428,090.51","1,452,521.76",,,,0.00,
BOWL_30,"38,094",1:59:40,BURNTRICE,"38,094.00",,,100.00%,0,0,WAGYU,10,Ronke,,6311,0:12:45,7.09%,"458,421.26","1,620,000.00",,,,0.00,
,,,,,,,,,,,,,,,,,,,,,,,
RAWRMEN_1,1,0:00:15,BOWL,12.00,,,100.00%,0,2,BURNTRICE,1,Ronke,,0,0:00:00,0%,"69,120.00","86,400.00",,,,"11,520.00",
RAWRMEN_2,2,0:00:15,BOWL,24.00,,,100.00%,0,2,RAWRMEN,3,Ronke,,1,0:00:00,100%,"138,240.00","142,105.26",,,,"23,040.00",
RAWRMEN_3,3,0:00:20,BOWL,36.00,,,100.00%,0,2,RAWRMEN,6,Ronke,,1,0:00:05,12.49%,"155,512.22","154,010.70",,,,"25,918.70",
RAWRMEN_4,5,0:00:30,BOWL,60.00,,,100.00%,0,2,PANCAKE,1,Ronke,,2,0:00:10,11.12%,"172,800.00","176,326.53",,,,"28,800.00",
RAWRMEN_5,8,0:00:45,BOWL,96.00,,,100.00%,0,2,RAWRMEN,13,Ronke,,3,0:00:15,6.67%,"184,320.00","176,326.53",,,,"30,720.00",
RAWRMEN_6,11,0:01:00,BOWL,132.00,,,100.00%,0,2,PANCAKE,2,Ronke,,3,0:00:15,3.84%,"191,397.45","196,810.93",,,,"31,899.58",
RAWRMEN_7,17,0:01:30,BOWL,204.00,,,100.00%,0,2,RAWRMEN,26,Ronke,,6,0:00:30,2.32%,"195,844.35","196,810.93",,,,"32,640.73",
RAWRMEN_8,23,0:02:00,BOWL,276.00,,,100.00%,0,2,PANCAKE,3,Ronke,,6,0:00:30,1.47%,"198,724.97","204,010.81",,,,"33,120.83",
RAWRMEN_9,30,0:02:34,BOWL,360.00,,,100.00%,0,2,PANCAKE,4,Ronke,,7,0:00:34,1.45%,"201,604.85","208,810.94",,,,"33,600.81",
RAWRMEN_10,38,0:03:13,BOWL,456.00,,,100.00%,0,2,BOWL,800,Ronke,,8,0:00:38,1.43%,"204,484.30","212,619.35",,,,"34,080.72",
RAWRMEN_11,50,0:04:10,BOWL,600.00,,,100.00%,0,2,MEATBALL,20,Ronke,,12,0:00:57,1.41%,"207,364.15","212,619.35",,,,"34,560.69",
RAWRMEN_12,66,0:05:25,BOWL,792.00,,,100.00%,0,2,DUMPLING,4,Ronke,,16,0:01:15,1.67%,"210,820.65","216,913.15",,,,"35,136.78",
RAWRMEN_13,86,0:06:55,BOWL,"1,032.00",,,100.00%,0,2,BOWL,"1,646",Ronke,,20,0:01:30,1.91%,"214,852.35","221,711.85",,,,"35,808.73",
RAWRMEN_14,112,0:08:49,BOWL,"1,344.00",,,100.00%,0,2,MEATBALL,43,Ronke,,26,0:01:54,2.14%,"219,460.50","233,252.72",,,,"36,576.75",
RAWRMEN_15,145,0:11:09,BOWL,"1,740.00",,,100.00%,0,2,DUMPLING,9,Ronke,,33,0:02:20,2.36%,"224,644.29","240,108.55",,,,"37,440.71",
RAWRMEN_16,188,0:14:06,BOWL,"2,256.00",,,100.00%,0,2,BOWL,"3,766",Ronke,,43,0:02:57,2.56%,"230,404.36","247,824.17",,,,"38,400.73",
RAWRMEN_17,243,0:17:44,BOWL,"2,916.00",,,100.00%,0,2,MEATBALL,101,Ronke,,55,0:03:38,2.75%,"236,740.35","256,464.18",,,,"39,456.73",
RAWRMEN_18,314,0:22:13,BOWL,"3,768.00",,,100.00%,0,2,DUMPLING,22,Ronke,,71,0:04:29,3.16%,"244,228.37","266,201.47",,,,"40,704.73",
RAWRMEN_19,404,0:27:38,BOWL,"4,848.00",,,100.00%,0,2,BOWL,"9,079",Ronke,,90,0:05:25,3.42%,"252,580.39","277,109.35",,,,"42,096.73",
RAWRMEN_20,521,0:34:21,BOWL,"6,252.00",,,100.00%,0,2,DANGO,3,Ronke,,117,0:06:43,3.76%,"262,084.31","277,109.35",,,,"43,680.72",
RAWRMEN_21,670,0:42:27,BOWL,"8,040.00",,,100.00%,0,2,BURGER,5,Ronke,,149,0:08:06,4.07%,"272,740.34","289,373.88",,,,"45,456.72",
RAWRMEN_22,862,0:52:18,BOWL,"10,344.00",,,100.00%,0,2,WAGYU,1,Ronke,,192,0:09:51,4.43%,"284,836.34","289,373.88",,,,"47,472.72",
RAWRMEN_23,"1,108",1:04:10,BOWL,"13,296.00",,,100.00%,0,2,DANGO,8,Ronke,,246,0:11:52,4.75%,"298,372.34","318,493.56",,,,"49,728.72",
RAWRMEN_24,"1,424",1:18:23,BOWL,"17,088.00",,,100.00%,0,2,BURGER,11,Ronke,,316,0:14:13,5.21%,"313,924.36","335,756.29",,,,"52,320.73",
RAWRMEN_25,"1,830",1:35:24,BOWL,"21,960.00",,,100.00%,0,2,WAGYU,2,Ronke,,406,0:17:01,5.6%,"331,492.37","335,756.29",,,,"55,248.73",
RAWRMEN_26,"2,351",1:55:37,BOWL,"28,212.00",,,100.00%,0,2,DANGO,20,Ronke,,521,0:20:14,5.99%,"351,364.36","376,732.92",,,,"58,560.73",
RAWRMEN_27,"3,020",2:19:36,BOWL,"36,240.00",,,100.00%,0,2,BURGER,28,Ronke,,669,0:23:59,6.39%,"373,828.33","400,946.51",,,,"62,304.72",
RAWRMEN_28,"3,880",2:47:51,BOWL,"46,560.00",,,100.00%,0,2,DANGO,37,Ronke,,860,0:28:15,6.86%,"399,460.37","428,090.51",,,,"66,576.73",
RAWRMEN_29,"4,983",3:21:04,BOWL,"59,796.00",,,100.00%,0,2,BURGER,53,Ronke,,1103,0:33:13,7.21%,"428,260.35","458,421.26",,,,"71,376.72",
RAWRMEN_30,"6,400",4:00:00,BOWL,"76,800.00",,,100.00%,0,2,WAGYU,10,Ronke,,1417,0:38:56,7.6%,"460,804.35","458,421.26",,,,"76,800.73",
,,,,,,,,,,,,,,,,,,,,,,,
MEATBALL_1,1,0:00:40,BOWL,50.00,,,100.00%,0,10,BURNTRICE,1,Ronke,,0,0:00:00,0%,"108,000.00","86,400.00",,,,"21,600.00",
MEATBALL_2,2,0:01:00,BOWL,100.00,,,100.00%,0,10,MEATBALL,2,Ronke,,1,0:00:20,33.33%,"144,000.00","165,200.76",,,,"28,800.00",
MEATBALL_3,3,0:01:20,BOWL,150.00,,,100.00%,0,10,MEATBALL,4,Ronke,,1,0:00:20,12.5%,"162,000.00","176,326.53",,,,"32,400.00",
MEATBALL_4,4,0:01:43,BOWL,200.00,,,100.00%,0,10,DUMPLING,1,Ronke,,1,0:00:23,3.7%,"168,000.23","196,810.93",,,,"33,600.05",
MEATBALL_5,6,0:02:27,BOWL,300.00,,,100.00%,0,10,MEATBALL,8,Ronke,,2,0:00:44,4.9%,"176,228.23","204,010.81",,,,"35,245.65",
MEATBALL_6,8,0:03:11,BOWL,400.00,,,100.00%,0,10,DUMPLING,2,Ronke,,2,0:00:44,2.51%,"180,659.60","208,810.94",,,,"36,131.92",
MEATBALL_7,10,0:03:56,BOWL,500.00,,,100.00%,0,10,MEATBALL,16,Ronke,,2,0:00:44,1.53%,"183,428.59","212,619.35",,,,"36,685.72",
MEATBALL_8,13,0:04:58,BOWL,650.00,,,100.00%,0,10,DUMPLING,4,Ronke,,3,0:01:03,2.62%,"188,228.35","216,913.15",,,,"37,645.67",
MEATBALL_9,17,0:06:23,BOWL,850.00,,,100.00%,0,10,DUMPLING,5,Ronke,,4,0:01:24,1.91%,"191,828.48","221,711.85",,,,"38,365.70",
MEATBALL_10,22,0:08:03,BOWL,"1,100.00",,,100.00%,0,10,BOWL,"1,864",Ronke,,5,0:01:41,2.5%,"196,628.52","227,129.27",,,,"39,325.70",
MEATBALL_11,27,0:09:36,BOWL,"1,350.00",,,100.00%,0,10,RAWRMEN,200,Ronke,,5,0:01:32,3.05%,"202,628.40","233,252.72",,,,"40,525.68",
MEATBALL_12,35,0:12:05,BOWL,"1,750.00",,,100.00%,0,10,PANCAKE,18,Ronke,,8,0:02:29,2.96%,"208,628.56","240,108.55",,,,"41,725.71",
MEATBALL_13,43,0:14:25,BOWL,"2,150.00",,,100.00%,0,10,BOWL,"2,957",Ronke,,8,0:02:21,2.88%,"214,628.62","240,108.55",,,,"42,925.72",
MEATBALL_14,54,0:17:37,BOWL,"2,700.00",,,100.00%,0,10,RAWRMEN,283,Ronke,,11,0:03:12,2.8%,"220,628.50","240,108.55",,,,"44,125.70",
MEATBALL_15,68,0:21:29,BOWL,"3,400.00",,,100.00%,0,10,PANCAKE,28,Ronke,,14,0:03:52,3.26%,"227,828.49","247,824.17",,,,"45,565.70",
MEATBALL_16,85,0:26:02,BOWL,"4,250.00",,,100.00%,0,10,BOWL,"4,836",Ronke,,17,0:04:33,3.16%,"235,028.61","256,464.18",,,,"47,005.72",
MEATBALL_17,106,0:31:21,BOWL,"5,300.00",,,100.00%,0,10,RAWRMEN,498,Ronke,,21,0:05:19,3.57%,"243,428.54","256,464.18",,,,"48,685.71",
MEATBALL_18,131,0:37:27,BOWL,"6,550.00",,,100.00%,0,10,PANCAKE,52,Ronke,,25,0:06:06,3.45%,"251,828.57","266,201.47",,,,"50,365.71",
MEATBALL_19,163,0:44:54,BOWL,"8,150.00",,,100.00%,0,10,BOWL,"9,680",Ronke,,32,0:07:26,3.81%,"261,428.59","277,109.35",,,,"52,285.72",
MEATBALL_20,203,0:53:56,BOWL,"10,150.00",,,100.00%,0,10,BURGER,4,Ronke,,40,0:09:02,3.67%,"271,028.54","289,373.88",,,,"54,205.71",
MEATBALL_21,252,1:04:23,BOWL,"12,600.00",,,100.00%,0,10,DANGO,4,Ronke,,49,0:10:27,3.98%,"281,828.55","289,373.88",,,,"56,365.71",
MEATBALL_22,313,1:16:42,BOWL,"15,650.00",,,100.00%,0,10,WAGYU,1,Ronke,,61,0:12:19,4.26%,"293,828.57","289,373.88",,,,"58,765.71",
MEATBALL_23,389,1:31:35,BOWL,"19,450.00",,,100.00%,0,10,BURGER,8,Ronke,,76,0:14:53,4.08%,"305,828.57","318,493.56",,,,"61,165.71",
MEATBALL_24,482,1:48:47,BOWL,"24,100.00",,,100.00%,0,10,DANGO,11,Ronke,,93,0:17:12,4.32%,"319,028.55","335,756.29",,,,"63,805.71",
MEATBALL_25,598,2:09:08,BOWL,"29,900.00",,,100.00%,0,10,WAGYU,2,Ronke,,116,0:20:21,4.51%,"333,428.59","335,756.29",,,,"66,685.72",
MEATBALL_26,741,2:32:52,BOWL,"37,050.00",,,100.00%,0,10,BURGER,21,Ronke,,143,0:23:44,4.68%,"349,028.56","376,732.92",,,,"69,805.71",
MEATBALL_27,919,3:00:52,BOWL,"45,950.00",,,100.00%,0,10,DANGO,27,Ronke,,178,0:28:01,4.81%,"365,828.58","400,946.51",,,,"73,165.72",
MEATBALL_28,"1,139",3:33:39,BOWL,"56,950.00",,,100.00%,0,10,BURGER,38,Ronke,,220,0:32:47,4.92%,"383,828.57","428,090.51",,,,"76,765.71",
MEATBALL_29,"1,412",4:12:15,BOWL,"70,600.00",,,100.00%,0,10,DANGO,50,Ronke,,273,0:38:36,5%,"403,028.58","428,090.51",,,,"80,605.72",
MEATBALL_30,"1,775",5:00:00,BOWL,"88,750.00",,,100.00%,0,10,WAGYU,10,Ronke,,363,0:47:45,5.7%,"426,000.00","458,421.26",,,,"85,200.00",
,,,,,,,,,,,,,,,,,,,,,,,
PANCAKE_1,1,0:03:00,RAWRMEN,12.00,,,100.00%,0,24,BURNTRICE,1,Ronke,,0,0:00:00,0%,"5,760.00","5,760.00",,,,"11,520.00",
PANCAKE_2,2,0:03:00,RAWRMEN,24.00,,,100.00%,0,24,PANCAKE,2,Ronke,,1,0:00:00,100%,"11,520.00","15,949.79",,,,"23,040.00",
PANCAKE_3,3,0:03:30,RAWRMEN,36.00,,,100.00%,0,24,PANCAKE,6,Ronke,,1,0:00:30,28.58%,"14,811.85","17,280.35",,,,"29,623.70",
PANCAKE_4,4,0:04:15,RAWRMEN,48.00,,,100.00%,0,24,PANCAKE,10,Ronke,,1,0:00:45,9.72%,"16,251.87","17,904.36",,,,"32,503.73",
PANCAKE_5,5,0:05:00,RAWRMEN,60.00,,,100.00%,0,24,PANCAKE,16,Ronke,,1,0:00:45,6.33%,"17,280.00","18,720.36",,,,"34,560.00",
PANCAKE_6,8,0:07:39,RAWRMEN,96.00,,,100.00%,0,24,BURGER,1,Ronke,,3,0:02:39,4.67%,"18,086.39","19,200.36",,,,"36,172.78",
PANCAKE_7,13,0:11:50,RAWRMEN,156.00,,,100.00%,0,24,BOWL,"4,797",Ronke,,5,0:04:12,4.94%,"18,979.20","19,728.36",,,,"37,958.40",
PANCAKE_8,20,0:17:17,RAWRMEN,240.00,,,100.00%,0,24,RAWRMEN,560,Ronke,,7,0:05:27,5.31%,"19,987.20","20,352.36",,,,"39,974.40",
PANCAKE_9,30,0:24:31,RAWRMEN,360.00,,,100.00%,0,24,BURGER,3,Ronke,,10,0:07:14,5.76%,"21,139.19","21,840.36",,,,"42,278.39",
PANCAKE_10,43,0:33:07,RAWRMEN,516.00,,,100.00%,0,24,DANGO,3,Ronke,,13,0:08:36,6.13%,"22,435.20","21,840.36",,,,"44,870.40",
PANCAKE_11,61,0:44:06,RAWRMEN,732.00,,,100.00%,0,24,WAGYU,1,Ronke,,18,0:10:59,6.55%,"23,904.00","23,736.36",,,,"47,808.00",
PANCAKE_12,89,1:00:12,RAWRMEN,"1,068.00",,,100.00%,0,24,MEATBALL,474,Ronke,,28,0:16:06,6.87%,"25,545.60","23,736.36",,,,"51,091.20",
PANCAKE_13,119,1:15:05,RAWRMEN,"1,428.00",,,100.00%,0,24,DUMPLING,107,Ronke,,30,0:14:53,7.22%,"27,388.80","26,160.36",,,,"54,777.60",
PANCAKE_14,164,1:36:06,RAWRMEN,"1,968.00",,,100.00%,0,24,BURGER,12,Ronke,,45,0:21:01,7.68%,"29,491.20","27,624.36",,,,"58,982.40",
PANCAKE_15,220,1:59:21,RAWRMEN,"2,640.00",,,100.00%,0,24,DANGO,15,Ronke,,56,0:23:15,8.01%,"31,852.80","29,280.36",,,,"63,705.60",
PANCAKE_16,309,2:34:45,RAWRMEN,"3,708.00",,,100.00%,0,24,WAGYU,3,Ronke,,89,0:35:25,8.32%,"34,502.40","29,280.36",,,,"69,004.80",
PANCAKE_17,423,3:14:56,RAWRMEN,"5,076.00",,,100.00%,0,24,BURGER,29,Ronke,,114,0:40:10,8.68%,"37,497.60","31,152.36",,,,"74,995.20",
PANCAKE_18,578,4:04:24,RAWRMEN,"6,936.00",,,100.00%,0,24,DANGO,38,Ronke,,155,0:49:28,8.99%,"40,867.20","33,288.36",,,,"81,734.40",
PANCAKE_19,788,5:00:00,RAWRMEN,"9,456.00",,,100.00%,0,24,BURGER,53,Ronke,,210,0:55:36,11.06%,"45,388.80","35,688.36",,,,"90,777.60",
PANCAKE_20,"1,075",6:00:00,RAWRMEN,"12,900.00",,,100.00%,0,24,WAGYU,10,Ronke,,287,1:00:00,13.68%,"51,600.00","38,400.36",,,,"103,200.00",
,,,,,,,,,,,,,,,,,,,,,,,
DUMPLING_1,1,0:07:30,MEATBALL,6.00,,,100.00%,0,75,BURNTRICE,1,Ronke,,0,0:00:00,0%,"1,152.00","2,160.00",,,,"14,400.00",
DUMPLING_2,2,0:07:30,MEATBALL,12.00,,,100.00%,0,75,DUMPLING,2,Ronke,,1,0:00:00,100%,"2,304.00","3,613.19",,,,"28,800.00",
DUMPLING_3,3,0:08:15,MEATBALL,18.00,,,100.00%,0,75,DUMPLING,6,Ronke,,1,0:00:45,36.36%,"3,141.82","3,932.57",,,,"39,272.73",
DUMPLING_4,4,0:09:00,MEATBALL,24.00,,,100.00%,0,75,DUMPLING,8,Ronke,,1,0:00:45,22.22%,"3,840.00","4,052.57",,,,"48,000.00",
DUMPLING_5,5,0:10:00,MEATBALL,30.00,,,100.00%,0,75,DUMPLING,11,Ronke,,1,0:01:00,12.5%,"4,320.00","4,412.57",,,,"54,000.00",
DUMPLING_6,6,0:11:32,MEATBALL,36.00,,,100.00%,0,75,DANGO,1,Ronke,,1,0:01:32,4%,"4,492.80","4,556.57",,,,"56,159.98",
DUMPLING_7,8,0:14:43,MEATBALL,48.00,,,100.00%,0,75,BOWL,"5,683",Ronke,,2,0:03:11,4.49%,"4,694.40","4,868.57",,,,"58,679.97",
DUMPLING_8,11,0:19:21,MEATBALL,66.00,,,100.00%,0,75,MEATBALL,152,Ronke,,3,0:04:38,4.6%,"4,910.40","5,036.57",,,,"61,380.02",
DUMPLING_9,15,0:25:08,MEATBALL,90.00,,,100.00%,0,75,DANGO,3,Ronke,,4,0:05:47,4.99%,"5,155.20","5,420.57",,,,"64,440.00",
DUMPLING_10,21,0:33:25,MEATBALL,126.00,,,100.00%,0,75,BURGER,4,Ronke,,6,0:08:17,5.31%,"5,428.80","5,420.57",,,,"67,860.00",
DUMPLING_11,29,0:43:43,MEATBALL,174.00,,,100.00%,0,75,RAWRMEN,"1,523",Ronke,,8,0:10:18,5.57%,"5,731.20","5,876.57",,,,"71,639.99",
DUMPLING_12,39,0:55:27,MEATBALL,234.00,,,100.00%,0,75,WAGYU,1,Ronke,,10,0:11:44,6.03%,"6,076.80","5,876.57",,,,"75,960.00",
DUMPLING_13,51,1:08:09,MEATBALL,306.00,,,100.00%,0,75,RAWRMEN,"2,738",Ronke,,12,0:12:42,6.4%,"6,465.60","6,380.57",,,,"80,820.00",
DUMPLING_14,69,1:26:26,MEATBALL,414.00,,,100.00%,0,75,PANCAKE,306,Ronke,,18,0:18:17,6.68%,"6,897.60","6,668.57",,,,"86,220.00",
DUMPLING_15,93,1:48:59,MEATBALL,558.00,,,100.00%,0,75,DANGO,16,Ronke,,24,0:22:33,6.89%,"7,372.80","6,980.57",,,,"92,159.99",
DUMPLING_16,117,2:07:52,MEATBALL,702.00,,,100.00%,0,75,BURGER,22,Ronke,,24,0:18:53,7.23%,"7,905.60","6,980.57",,,,"98,820.00",
DUMPLING_17,153,2:35:20,MEATBALL,918.00,,,100.00%,0,75,WAGYU,4,Ronke,,36,0:27:28,7.65%,"8,510.40","7,316.57",,,,"106,380.00",
DUMPLING_18,192,3:00:34,MEATBALL,"1,152.00",,,100.00%,0,75,DANGO,38,Ronke,,39,0:25:14,7.95%,"9,187.20","7,676.57",,,,"114,840.00",
DUMPLING_19,242,3:30:26,MEATBALL,"1,452.00",,,100.00%,0,75,BURGER,53,Ronke,,50,0:29:52,8.15%,"9,936.00","8,060.57",,,,"124,200.00",
DUMPLING_20,450,6:00:00,MEATBALL,"2,700.00",,,100.00%,0,75,WAGYU,10,Ronke,,208,2:29:34,8.7%,"10,800.00","8,520.00",,,,"135,000.00",
,,,,,,,,,,,,,,,,,,,,,,,
BURGER_1,1,0:30:00,MEATBALL,26.00,PANCAKE,16.00,100.00%,0,650,BURNTRICE,1,Ronke,,0,0:00:00,0%,"1,248.00","2,160.00",768.00,480.00,,"31,200.00",
BURGER_2,2,0:45:00,MEATBALL,52.00,PANCAKE,32.00,100.00%,0,650,BURGER,2,Ronke,,1,0:15:00,33.33%,"1,664.00","5,036.57","1,024.00","1,761.60",,"41,600.00",
BURGER_3,3,1:00:00,MEATBALL,78.00,PANCAKE,48.00,100.00%,0,650,BURGER,3,Ronke,,1,0:15:00,12.5%,"1,872.00","5,420.57","1,152.00","1,761.60",,"46,800.00",
BURGER_4,4,1:17:19,MEATBALL,104.00,PANCAKE,64.00,100.00%,0,650,BURGER,4,Ronke,,1,0:17:19,3.46%,"1,936.83","5,420.57","1,191.90","1,992.00",,"48,420.84",
BURGER_5,5,1:32:36,MEATBALL,130.00,PANCAKE,80.00,100.00%,0,650,PANCAKE,152,Ronke,,1,0:15:17,4.37%,"2,021.45","5,876.57","1,243.97","1,992.00",,"50,536.19",
BURGER_6,6,1:45:22,MEATBALL,156.00,PANCAKE,96.00,100.00%,0,650,MEATBALL,597,Ronke,,1,0:12:46,5.47%,"2,131.96","6,116.57","1,311.97","2,282.40",,"53,298.96",
BURGER_7,8,2:11:35,MEATBALL,208.00,PANCAKE,128.00,100.00%,0,650,WAGYU,2,Ronke,,2,0:26:13,6.77%,"2,276.23","6,668.57","1,400.76","2,654.40",,"56,905.68",
BURGER_8,11,2:47:06,MEATBALL,286.00,PANCAKE,176.00,100.00%,0,650,BURGER,15,Ronke,,3,0:35:31,8.28%,"2,464.61","6,668.57","1,516.68","2,654.40",,"61,615.31",
BURGER_9,14,3:13:23,MEATBALL,364.00,PANCAKE,224.00,100.00%,0,650,BURGER,19,Ronke,,3,0:26:17,9.98%,"2,710.53","6,980.57","1,668.02","2,875.20",,"67,763.27",
BURGER_10,18,3:42:18,MEATBALL,468.00,PANCAKE,288.00,100.00%,0,650,RAWRMEN,"7,379",Ronke,,4,0:28:55,11.85%,"3,031.64","7,316.57","1,865.63","3,124.80",,"75,791.04",
BURGER_11,24,4:20:23,MEATBALL,624.00,PANCAKE,384.00,100.00%,0,650,DUMPLING,379,Ronke,,6,0:38:06,13.83%,"3,450.84","7,676.57","2,123.60","3,405.60",,"86,271.11",
BURGER_12,33,5:09:01,MEATBALL,858.00,PANCAKE,528.00,100.00%,0,650,MEATBALL,"2,914",Ronke,,9,0:48:38,15.86%,"3,998.22","8,060.57","2,460.44","3,405.60",,"99,955.43",
BURGER_13,43,5:41:36,MEATBALL,"1,118.00",PANCAKE,688.00,100.00%,0,650,PANCAKE,"1,290",Ronke,,10,0:32:35,17.87%,"4,712.82","8,060.57","2,900.20","3,782.40",,"117,820.55",
BURGER_14,58,6:24:37,MEATBALL,"1,508.00",PANCAKE,928.00,100.00%,0,650,DANGO,63,Ronke,,15,0:43:01,19.8%,"5,645.83","8,520.00","3,474.36","4,300.00",,"141,145.68",
BURGER_15,77,7:00:00,MEATBALL,"2,002.00",PANCAKE,"1,232.00",100.00%,0,650,WAGYU,12,Ronke,,19,0:35:23,21.58%,"6,863.94","8,520.00","4,223.96","4,300.00",,"171,598.43",
,,,,,,,,,,,,,,,,,,,,,,,
DANGO_1,1,0:40:00,RAWRMEN,115.00,DUMPLING,8.00,100.00%,0,"1,000",BURNTRICE,1,Ronke,,0,0:00:00,0%,"4,140.00","5,760.00",288.00,192.00,,"36,000.00",
DANGO_2,2,1:00:00,RAWRMEN,230.00,DUMPLING,16.00,100.00%,0,"1,000",DANGO,2,Ronke,,1,0:20:00,33.33%,"5,520.00","21,048.37",384.00,818.40,,"48,000.00",
DANGO_3,3,1:20:00,RAWRMEN,345.00,DUMPLING,24.00,100.00%,0,"1,000",DANGO,3,Ronke,,1,0:20:00,12.5%,"6,210.00","21,840.36",432.00,859.20,,"54,000.00",
DANGO_4,4,1:37:19,RAWRMEN,460.00,DUMPLING,32.00,100.00%,0,"1,000",DANGO,5,Ronke,,1,0:17:19,9.61%,"6,806.99","22,728.36",473.53,955.20,,"59,191.20",
DANGO_5,5,1:50:23,RAWRMEN,575.00,DUMPLING,40.00,100.00%,0,"1,000",RAWRMEN,"2,326",Ronke,,1,0:13:05,10.19%,"7,500.58","24,864.36",521.78,"1,077.60",,"65,222.40",
DANGO_6,6,1:59:37,RAWRMEN,690.00,DUMPLING,48.00,100.00%,0,"1,000",DUMPLING,126,Ronke,,1,0:09:14,10.74%,"8,306.50","26,160.36",577.84,"1,149.60",,"72,230.40",
DANGO_7,8,2:23:20,RAWRMEN,920.00,DUMPLING,64.00,100.00%,0,"1,000",WAGYU,2,Ronke,,2,0:23:43,11.27%,"9,242.96","27,624.36",642.99,"1,228.80",,"80,373.60",
DANGO_8,10,2:40:18,RAWRMEN,"1,150.00",DUMPLING,80.00,100.00%,0,"1,000",DANGO,17,Ronke,,2,0:16:58,11.77%,"10,330.96","29,280.36",718.68,"1,317.60",,"89,834.40",
DANGO_9,13,3:05:40,RAWRMEN,"1,495.00",DUMPLING,104.00,100.00%,0,"1,000",DANGO,22,Ronke,,3,0:25:22,12.24%,"11,595.04","31,152.36",806.61,"1,317.60",,"100,826.40",
DANGO_10,17,3:35:30,RAWRMEN,"1,955.00",DUMPLING,136.00,100.00%,0,"1,000",MEATBALL,"2,063",Ronke,,4,0:29:50,12.67%,"13,063.63","31,152.36",908.77,"1,418.40",,"113,596.80",
DANGO_11,22,4:06:40,RAWRMEN,"2,530.00",DUMPLING,176.00,100.00%,0,"1,000",PANCAKE,896,Ronke,,5,0:31:10,13.06%,"14,769.86","33,288.36","1,027.47","1,531.20",,"128,433.60",
DANGO_12,28,4:36:47,RAWRMEN,"3,220.00",DUMPLING,224.00,100.00%,0,"1,000",RAWRMEN,"13,359",Ronke,,6,0:30:07,13.42%,"16,752.10","35,688.36","1,165.36","1,656.00",,"145,670.40",
DANGO_13,37,5:21:33,RAWRMEN,"4,255.00",DUMPLING,296.00,100.00%,0,"1,000",DUMPLING,661,Ronke,,9,0:44:46,13.75%,"19,055.32","35,688.36","1,325.59","1,656.00",,"165,698.40",
DANGO_14,48,6:05:47,RAWRMEN,"5,520.00",DUMPLING,384.00,100.00%,0,"1,000",BURGER,68,Ronke,,11,0:44:14,14.04%,"21,731.14","38,400.36","1,511.73","1,800.00",,"188,966.40",
DANGO_15,63,7:00:00,RAWRMEN,"7,245.00",DUMPLING,504.00,100.00%,0,"1,000",WAGYU,12,Ronke,,15,0:54:13,14.31%,"24,840.00","38,400.36","1,728.00","1,800.00",,"216,000.00",
,,,,,,,,,,,,,,,,,,,,,,,
WAGYU_1,1,2:00:00,BURGER,4.00,DANGO,3.00,100.00%,0,"3,000",BURNTRICE,1,Ronke,,0,0:00:00,0%,48.00,48.00,36.00,36.00,,"36,000.00",
WAGYU_2,2,2:40:00,BURGER,8.00,DANGO,6.00,100.00%,0,"3,000",WAGYU,2,Ronke,,1,0:40:00,50%,72.00,87.55,54.00,80.37,,"54,000.00",
WAGYU_3,3,3:00:00,BURGER,12.00,DANGO,9.00,100.00%,0,"3,000",WAGYU,3,Ronke,,1,0:20:00,33.33%,96.00,116.60,72.00,100.83,,"72,000.00",
WAGYU_4,4,3:21:05,BURGER,16.00,DANGO,12.00,100.00%,0,"3,000",WAGYU,4,Ronke,,1,0:21:05,19.35%,114.58,132.72,85.93,113.60,,"85,932.00",
WAGYU_5,5,3:28:18,BURGER,20.00,DANGO,15.00,100.00%,0,"3,000",MEATBALL,"2,788",Ronke,,1,0:07:13,20.67%,138.26,153.78,103.69,145.67,,"103,694.40",
WAGYU_6,7,3:59:21,BURGER,28.00,DANGO,21.00,100.00%,0,"3,000",PANCAKE,"1,183",Ronke,,2,0:31:02,21.84%,168.46,181.26,126.35,165.70,,"126,345.60",
WAGYU_7,10,4:38:19,BURGER,40.00,DANGO,30.00,100.00%,0,"3,000",DUMPLING,673,Ronke,,3,0:38:59,22.85%,206.96,217.15,155.22,165.70,,"155,217.60",
WAGYU_8,15,5:37:27,BURGER,60.00,DANGO,45.00,100.00%,0,"3,000",BURGER,65,Ronke,,5,0:59:08,23.72%,256.04,217.15,192.03,188.97,,"192,031.20",
WAGYU_9,22,6:37:43,BURGER,88.00,DANGO,66.00,100.00%,0,"3,000",DANGO,71,Ronke,,7,1:00:17,24.44%,318.61,264.00,238.96,216.00,,"238,960.80",
WAGYU_10,34,8:00:00,BURGER,136.00,DANGO,102.00,100.00%,0,"3,000",WAGYU,12,Ronke,,12,1:22:17,28.05%,408.00,264.00,306.00,216.00,,"306,000.00",
,,,,,,,,,,,,,,,,,,,,,,,
TAPE_1,10,0:00:10,MAGICSHARD,10.00,,,100.00%,0,0,MAGICSHARD,1,Axie,,0,0:00:00,0%,"86,400.00","115,200.00",,,,0.00,
TAPE_2,20,0:00:15,MAGICSHARD,20.00,,,100.00%,0,0,TAPE,18,Axie,,10,0:00:05,33.33%,"115,200.00","195,840.00",,,,0.00,
TAPE_3,42,0:00:30,MAGICSHARD,42.00,,,100.00%,0,0,TAPE,34,Axie,,22,0:00:15,5%,"120,960.00","230,400.00",,,,0.00,
TAPE_4,75,0:00:45,MAGICSHARD,75.00,,,100.00%,0,0,TAPE,56,Axie,,33,0:00:15,19.05%,"144,000.00","259,200.00",,,,0.00,
TAPE_5,115,0:01:00,MAGICSHARD,115.00,,,100.00%,0,0,TAPE,86,Axie,,40,0:00:15,15%,"165,600.00",,,,,0.00,
TAPE_6,160,0:01:20,MAGICSHARD,160.00,,,100.00%,0,0,SPOON,11,Axie,,45,0:00:20,4.35%,"172,800.43","155,520.00",,,,0.00,
TAPE_7,206,0:01:40,MAGICSHARD,206.00,,,100.00%,0,0,PLUNGER,4,Axie,,46,0:00:20,3%,"177,984.71","155,520.00",,,,0.00,
TAPE_8,260,0:02:00,MAGICSHARD,260.00,,,100.00%,0,0,SPOON,22,Axie,,54,0:00:20,5.18%,"187,200.00","155,520.00",,,,0.00,
TAPE_9,342,0:02:30,MAGICSHARD,342.00,,,100.00%,0,0,PLUNGER,7,Axie,,82,0:00:30,5.23%,"196,992.00","155,520.00",,,,0.00,
TAPE_10,430,0:03:00,MAGICSHARD,430.00,,,100.00%,0,0,SPOON,43,Axie,,88,0:00:30,4.78%,"206,400.00","155,520.00",,,,0.00,
TAPE_11,560,0:03:45,MAGICSHARD,560.00,,,100.00%,0,0,PLUNGER,14,Axie,,130,0:00:45,4.19%,"215,040.00","155,520.00",,,,0.00,
TAPE_12,715,0:04:40,MAGICSHARD,715.00,,,100.00%,0,0,TOYHAMMER,7,Axie,,155,0:00:55,2.6%,"220,628.60","155,520.00",,,,0.00,
TAPE_13,"1,025",0:06:30,MAGICSHARD,"1,025.00",,,100.00%,0,0,TARGET,4,Axie,,310,0:01:50,2.92%,"227,076.92","155,520.00",,,,0.00,
TAPE_14,"1,425",0:09:00,MAGICSHARD,"1,425.00",,,100.00%,0,0,TOYHAMMER,11,Axie,,400,0:02:30,0.41%,"228,000.00","155,520.00",,,,0.00,
TAPE_15,"1,900",0:11:45,MAGICSHARD,"1,900.00",,,100.00%,0,0,TARGET,6,Axie,,475,0:02:45,2.13%,"232,851.06","155,520.00",,,,0.00,
TAPE_16,"2,400",0:14:30,MAGICSHARD,"2,400.00",,,100.00%,0,0,TOYHAMMER,17,Axie,,500,0:02:45,2.36%,"238,344.83","155,520.00",,,,0.00,
TAPE_17,"3,000",0:18:00,MAGICSHARD,"3,000.00",,,100.00%,0,0,TARGET,11,Axie,,600,0:03:30,0.69%,"240,000.00","155,520.00",,,,0.00,
TAPE_18,"3,750",0:22:00,MAGICSHARD,"3,750.00",,,100.00%,0,0,SWORD,1,Axie,,750,0:04:00,2.27%,"245,454.55","155,520.00",,,,0.00,
TAPE_19,"4,685",0:26:00,MAGICSHARD,"4,685.00",,,100.00%,0,0,NINJASTAR,2,Axie,,935,0:04:00,5.71%,"259,476.92","155,520.00",,,,0.00,
TAPE_20,"5,765",0:31:00,MAGICSHARD,"5,765.00",,,100.00%,0,0,SWORD,2,Axie,,1080,0:05:00,3.21%,"267,793.55","155,520.00",,,,0.00,
TAPE_21,"7,050",0:36:45,MAGICSHARD,"7,050.00",,,100.00%,0,0,NINJASTAR,3,Axie,,1285,0:05:45,3.16%,"276,244.90","155,520.00",,,,0.00,
TAPE_22,"8,590",0:42:45,MAGICSHARD,"8,590.00",,,100.00%,0,0,SWORD,4,Axie,,1540,0:06:00,4.74%,"289,347.37","155,520.00",,,,0.00,
TAPE_23,"10,425",0:49:30,MAGICSHARD,"10,425.00",,,100.00%,0,0,NINJASTAR,6,Axie,,1835,0:06:45,4.81%,"303,272.73","155,520.00",,,,0.00,
TAPE_24,"12,614",0:57:00,MAGICSHARD,"12,614.00",,,100.00%,0,0,SWORD,9,Axie,,2189,0:07:30,5.08%,"318,669.47","155,520.00",,,,0.00,
TAPE_25,"15,226",1:05:00,MAGICSHARD,"15,226.00",,,100.00%,0,0,NINJASTAR,12,Axie,,2612,0:08:00,5.85%,"337,314.46","155,520.00",,,,0.00,
TAPE_26,"22,011",1:30:00,MAGICSHARD,"22,011.00",,,100.00%,0,0,MYSTICWEAPON,2,Axie,,6785,0:25:00,4.41%,"352,176.00","155,520.00",,,,0.00,
TAPE_27,"30,199",1:55:00,MAGICSHARD,"30,199.00",,,100.00%,0,0,MYSTICWEAPON,3,Axie,,8188,0:25:00,7.37%,"378,144.00","155,520.00",,,,0.00,
TAPE_28,"38,084",2:18:00,MAGICSHARD,"38,084.00",,,100.00%,0,0,MYSTICWEAPON,5,Axie,,7885,0:23:00,5.09%,"397,398.26","155,520.00",,,,0.00,
TAPE_29,"47,086",2:40:00,MAGICSHARD,"47,086.00",,,100.00%,0,0,MYSTICWEAPON,7,Axie,,9002,0:22:00,6.64%,"423,774.00","155,520.00",,,,0.00,
TAPE_30,"57,634",3:02:00,MAGICSHARD,"57,634.00",,,100.00%,0,0,MYSTICWEAPON,9,Axie,,10548,0:22:00,7.61%,"456,005.27","155,520.00",,,,0.00,
TAPE_31,"64,725",3:22:00,MAGICSHARD,"64,725.00",,,100.00%,0,0,MYSTICWEAPON,10,Axie,,7091,0:20:00,1.18%,"461,405.94","155,520.00",,,,0.00,
TAPE_32,"71,919",3:42:00,MAGICSHARD,"71,919.00",,,100.00%,0,0,MYSTICWEAPON,11,Axie,,7194,0:20:00,1.1%,"466,501.62","155,520.00",,,,0.00,
TAPE_33,"78,878",4:01:00,MAGICSHARD,"78,878.00",,,100.00%,0,0,MYSTICWEAPON,12,Axie,,6959,0:19:00,1.03%,"471,304.23","155,520.00",,,,0.00,
TAPE_34,"85,728",4:20:00,MAGICSHARD,"85,728.00",,,100.00%,0,0,MYSTICWEAPON,13,Axie,,6850,0:19:00,0.74%,"474,801.23","155,520.00",,,,0.00,
TAPE_35,"92,995",4:38:00,MAGICSHARD,"92,995.00",,,100.00%,0,0,MYSTICWEAPON,14,Axie,,7267,0:18:00,1.45%,"481,700.72","155,520.00",,,,0.00,
TAPE_36,"100,444",4:55:00,MAGICSHARD,"100,444.00",,,100.00%,0,0,MYSTICWEAPON,15,Axie,,7449,0:17:00,1.79%,"490,302.92","155,520.00",,,,0.00,
TAPE_37,"108,550",5:12:00,MAGICSHARD,"108,550.00",,,100.00%,0,0,MYSTICWEAPON,16,Axie,,8106,0:17:00,2.18%,"501,000.00","155,520.00",,,,0.00,
TAPE_38,"117,527",5:29:00,MAGICSHARD,"117,527.00",,,100.00%,0,0,MYSTICWEAPON,17,Axie,,8977,0:17:00,2.68%,"514,403.89","155,520.00",,,,0.00,
TAPE_39,"127,243",5:45:00,MAGICSHARD,"127,243.00",,,100.00%,0,0,MYSTICWEAPON,17,Axie,,9716,0:16:00,3.25%,"531,101.22","155,520.00",,,,0.00,
TAPE_40,"138,000",6:00:00,MAGICSHARD,"138,000.00",,,100.00%,0,0,MYSTICWEAPON,19,Axie,,10757,0:15:00,3.93%,"552,000.00","155,520.00",,,,0.00,
,,,,,,,,,,,,,,,,,,,,,,,
SPOON_1,1,0:00:15,TAPE,12.00,,,100.00%,0,2,MAGICSHARD,1,Axie,,0,0:00:00,0%,"69,120.00","86,400.00",,,,"11,520.00",
SPOON_2,2,0:00:15,TAPE,24.00,,,100.00%,0,2,SPOON,3,Axie,,1,0:00:00,100%,"138,240.00","86,400.00",,,,"23,040.00",
SPOON_3,3,0:00:20,TAPE,36.00,,,100.00%,0,2,SPOON,6,Axie,,1,0:00:05,12.5%,"155,520.00","86,400.00",,,,"25,920.00",
SPOON_4,5,0:00:30,TAPE,60.00,,,100.00%,0,2,SPOON,9,Axie,,2,0:00:10,11.11%,"172,800.00","86,400.00",,,,"28,800.00",
SPOON_5,8,0:00:45,TAPE,96.00,,,100.00%,0,2,SPOON,13,Axie,,3,0:00:15,6.67%,"184,320.00","86,400.00",,,,"30,720.00",
SPOON_6,11,0:01:00,TAPE,132.00,,,100.00%,0,2,SPOON,19,Axie,,3,0:00:15,3.13%,"190,080.00","86,400.00",,,,"31,680.00",
SPOON_7,17,0:01:30,TAPE,204.00,,,100.00%,0,2,PLUNGER,6,Axie,,6,0:00:30,3.03%,"195,840.00","86,400.00",,,,"32,640.00",
SPOON_8,23,0:02:00,TAPE,276.00,,,100.00%,0,2,PLUNGER,9,Axie,,6,0:00:30,1.47%,"198,720.00","86,400.00",,,,"33,120.00",
SPOON_9,30,0:02:30,TAPE,360.00,,,100.00%,0,2,PLUNGER,12,Axie,,7,0:00:30,4.35%,"207,360.00","86,400.00",,,,"34,560.00",
SPOON_10,40,0:03:15,TAPE,480.00,,,100.00%,0,2,TOYHAMMER,6,Axie,,10,0:00:45,2.56%,"212,676.92","86,400.00",,,,"35,446.15",
SPOON_11,52,0:04:00,TAPE,624.00,,,100.00%,0,2,TOYHAMMER,7,Axie,,12,0:00:45,5.62%,"224,640.00","86,400.00",,,,"37,440.00",
SPOON_12,73,0:05:30,TAPE,876.00,,,100.00%,0,2,TOYHAMMER,9,Axie,,21,0:01:30,2.1%,"229,352.73","86,400.00",,,,"38,225.45",
SPOON_13,95,0:07:00,TAPE,"1,140.00",,,100.00%,0,2,TOYHAMMER,11,Axie,,22,0:01:30,2.25%,"234,514.29","86,400.00",,,,"39,085.71",
SPOON_14,125,0:09:00,TAPE,"1,500.00",,,100.00%,0,2,TARGET,7,Axie,,30,0:02:00,2.34%,"240,000.00","86,400.00",,,,"40,000.00",
SPOON_15,160,0:11:00,TAPE,"1,920.00",,,100.00%,0,2,TARGET,9,Axie,,35,0:02:00,4.73%,"251,345.45","86,400.00",,,,"41,890.91",
SPOON_16,205,0:14:00,TAPE,"2,460.00",,,100.00%,0,2,TARGET,13,Axie,,45,0:03:00,0.67%,"253,028.57","86,400.00",,,,"42,171.43",
SPOON_17,265,0:17:45,TAPE,"3,180.00",,,100.00%,0,2,TARGET,17,Axie,,60,0:03:45,1.96%,"257,983.10","86,400.00",,,,"42,997.18",
SPOON_18,340,0:22:15,TAPE,"4,080.00",,,100.00%,0,2,SWORD,2,Axie,,75,0:04:30,2.35%,"264,053.93","86,400.00",,,,"44,008.99",
SPOON_19,425,0:27:30,TAPE,"5,100.00",,,100.00%,0,2,SWORD,3,Axie,,85,0:05:15,1.14%,"267,054.55","86,400.00",,,,"44,509.09",
SPOON_20,545,0:35:00,TAPE,"6,540.00",,,100.00%,0,2,SWORD,4,Axie,,120,0:07:30,0.76%,"269,074.29","86,400.00",,,,"44,845.71",
SPOON_21,690,0:42:30,TAPE,"8,280.00",,,100.00%,0,2,NINJASTAR,5,Axie,,145,0:07:30,4.26%,"280,545.88","86,400.00",,,,"46,757.65",
SPOON_22,885,0:52:20,TAPE,"10,620.00",,,100.00%,0,2,NINJASTAR,9,Axie,,195,0:09:50,4.16%,"292,219.11","86,400.00",,,,"48,703.19",
SPOON_23,"1,150",1:00:00,TAPE,"13,800.00",,,100.00%,0,2,NINJASTAR,13,Axie,,265,0:07:40,13.34%,"331,200.00","86,400.00",,,,"55,200.00",
SPOON_24,"1,475",1:15:00,TAPE,"17,700.00",,,100.00%,0,2,NINJASTAR,17,Axie,,325,0:15:00,2.61%,"339,840.00","86,400.00",,,,"56,640.00",
SPOON_25,"1,830",1:30:00,TAPE,"21,960.00",,,100.00%,0,2,MYSTICWEAPON,3,Axie,,355,0:15:00,3.39%,"351,360.00","86,400.00",,,,"58,560.00",
SPOON_26,"2,450",2:00:00,TAPE,"29,400.00",,,100.00%,0,2,MYSTICWEAPON,4,Axie,,620,0:30:00,0.41%,"352,800.00","86,400.00",,,,"58,800.00",
SPOON_27,"3,020",2:20:00,TAPE,"36,240.00",,,100.00%,0,2,MYSTICWEAPON,5,Axie,,570,0:20:00,5.66%,"372,754.82","86,400.00",,,,"62,125.80",
SPOON_28,"3,850",2:45:00,TAPE,"46,200.00",,,100.00%,0,2,MYSTICWEAPON,6,Axie,,830,0:25:00,8.17%,"403,200.00","86,400.00",,,,"67,200.00",
SPOON_29,"4,900",3:20:00,TAPE,"58,800.00",,,100.00%,0,2,MYSTICWEAPON,7,Axie,,1050,0:35:00,5%,"423,360.04","86,400.00",,,,"70,560.01",
SPOON_30,"6,250",4:00:00,TAPE,"75,000.00",,,100.00%,0,2,MYSTICWEAPON,8,Axie,,1350,0:40:00,6.29%,"450,000.00","86,400.00",,,,"75,000.00",
SPOON_31,"7,328",4:18:00,TAPE,"87,936.00",,,100.00%,0,2,MYSTICWEAPON,10,Axie,,1078,0:18:00,9.07%,"490,805.58","86,400.00",,,,"81,800.93",
SPOON_32,"8,232",4:30:00,TAPE,"98,784.00",,,100.00%,0,2,MYSTICWEAPON,12,Axie,,904,0:12:00,7.34%,"526,848.00","86,400.00",,,,"87,808.00",
SPOON_33,"9,320",4:48:00,TAPE,"111,840.00",,,100.00%,0,2,MYSTICWEAPON,14,Axie,,1088,0:18:00,6.14%,"559,200.00","86,400.00",,,,"93,200.00",
SPOON_34,"10,209",5:00:00,TAPE,"122,508.00",,,100.00%,0,2,MYSTICWEAPON,17,Axie,,889,0:12:00,5.16%,"588,038.40","86,400.00",,,,"98,006.40",
SPOON_35,"11,094",5:12:00,TAPE,"133,128.00",,,100.00%,0,2,MYSTICWEAPON,19,Axie,,885,0:12:00,4.49%,"614,436.92","86,400.00",,,,"102,406.15",
SPOON_36,"11,993",5:24:00,TAPE,"143,916.00",,,100.00%,0,2,MYSTICWEAPON,22,Axie,,899,0:12:00,4.1%,"639,626.67","86,400.00",,,,"106,604.44",
SPOON_37,"12,628",5:30:00,TAPE,"151,536.00",,,100.00%,0,2,MYSTICWEAPON,25,Axie,,635,0:06:00,3.38%,"661,248.00","86,400.00",,,,"110,208.00",
SPOON_38,"13,514",5:42:00,TAPE,"162,168.00",,,100.00%,0,2,MYSTICWEAPON,28,Axie,,886,0:12:00,3.26%,"682,812.63","86,400.00",,,,"113,802.11",
SPOON_39,"14,382",5:54:00,TAPE,"172,584.00",,,100.00%,0,2,MYSTICWEAPON,29,Axie,,868,0:12:00,2.82%,"702,036.61","86,400.00",,,,"117,006.10",
SPOON_40,"15,000",6:00:00,TAPE,"180,000.00",,,100.00%,0,2,MYSTICWEAPON,30,Axie,,618,0:06:00,2.56%,"720,000.00","86,400.00",,,,"120,000.00",
,,,,,,,,,,,,,,,,,,,,,,,
PLUNGER_1,1,0:00:40,TAPE,50.00,,,100.00%,0,10,MAGICSHARD,1,Axie,,0,0:00:00,0%,"108,001.08","86,400.00",,,,"21,600.22",
PLUNGER_2,2,0:01:00,TAPE,100.00,,,100.00%,0,10,PLUNGER,2,Axie,,1,0:00:20,33.33%,"144,000.00","86,400.00",,,,"28,800.00",
PLUNGER_3,3,0:01:20,TAPE,150.00,,,100.00%,0,10,PLUNGER,4,Axie,,1,0:00:20,12.53%,"162,040.51","86,400.00",,,,"32,408.10",
PLUNGER_4,4,0:01:45,TAPE,200.00,,,100.00%,0,10,PLUNGER,6,Axie,,1,0:00:25,1.56%,"164,571.43","86,400.00",,,,"32,914.29",
PLUNGER_5,6,0:02:30,TAPE,300.00,,,100.00%,0,10,PLUNGER,8,Axie,,2,0:00:45,5%,"172,800.00","86,400.00",,,,"34,560.00",
PLUNGER_6,8,0:03:15,TAPE,400.00,,,100.00%,0,10,PLUNGER,12,Axie,,2,0:00:45,2.56%,"177,230.77","86,400.00",,,,"35,446.15",
PLUNGER_7,10,0:04:00,TAPE,500.00,,,100.00%,0,10,PLUNGER,16,Axie,,2,0:00:45,1.56%,"180,000.00","86,400.00",,,,"36,000.00",
PLUNGER_8,13,0:05:00,TAPE,650.00,,,100.00%,0,10,TOYHAMMER,7,Axie,,3,0:01:00,4%,"187,200.00","86,400.00",,,,"37,440.00",
PLUNGER_9,17,0:06:20,TAPE,850.00,,,100.00%,0,10,TOYHAMMER,10,Axie,,4,0:01:20,3.24%,"193,263.16","86,400.00",,,,"38,652.63",
PLUNGER_10,22,0:08:00,TAPE,"1,100.00",,,100.00%,0,10,TOYHAMMER,13,Axie,,5,0:01:40,2.45%,"198,000.00","86,400.00",,,,"39,600.00",
PLUNGER_11,27,0:09:30,TAPE,"1,350.00",,,100.00%,0,10,TOYHAMMER,17,Axie,,5,0:01:30,3.35%,"204,631.58","86,400.00",,,,"40,926.32",
PLUNGER_12,35,0:12:00,TAPE,"1,750.00",,,100.00%,0,10,TOYHAMMER,18,Axie,,8,0:02:30,2.62%,"210,000.00","86,400.00",,,,"42,000.00",
PLUNGER_13,44,0:15:00,TAPE,"2,200.00",,,100.00%,0,10,TARGET,10,Axie,,9,0:03:00,0.57%,"211,200.00","86,400.00",,,,"42,240.00",
PLUNGER_14,54,0:17:30,TAPE,"2,700.00",,,100.00%,0,10,TARGET,11,Axie,,10,0:02:30,5.19%,"222,171.43","86,400.00",,,,"44,434.29",
PLUNGER_15,62,0:20:00,TAPE,"3,100.00",,,100.00%,0,10,TARGET,13,Axie,,8,0:02:30,0.46%,"223,200.00","86,400.00",,,,"44,640.00",
PLUNGER_16,86,0:26:00,TAPE,"4,300.00",,,100.00%,0,10,TARGET,16,Axie,,24,0:06:00,6.7%,"238,153.85","86,400.00",,,,"47,630.77",
PLUNGER_17,106,0:31:20,TAPE,"5,300.00",,,100.00%,0,10,SWORD,2,Axie,,20,0:05:20,2.28%,"243,574.47","86,400.00",,,,"48,714.89",
PLUNGER_18,131,0:37:30,TAPE,"6,550.00",,,100.00%,0,10,SWORD,2,Axie,,25,0:06:10,3.26%,"251,520.00","86,400.00",,,,"50,304.00",
PLUNGER_19,163,0:45:00,TAPE,"8,150.00",,,100.00%,0,10,SWORD,3,Axie,,32,0:07:30,3.69%,"260,800.00","86,400.00",,,,"52,160.00",
PLUNGER_20,203,0:52:30,TAPE,"10,150.00",,,100.00%,0,10,SWORD,4,Axie,,40,0:07:30,6.75%,"278,400.00","86,400.00",,,,"55,680.00",
PLUNGER_21,252,1:00:00,TAPE,"12,600.00",,,100.00%,0,10,NINJASTAR,4,Axie,,49,0:07:30,8.62%,"302,400.00","86,400.00",,,,"60,480.00",
PLUNGER_22,318,1:15:00,TAPE,"15,900.00",,,100.00%,0,10,NINJASTAR,6,Axie,,66,0:15:00,0.95%,"305,280.00","86,400.00",,,,"61,056.00",
PLUNGER_23,389,1:30:00,TAPE,"19,450.00",,,100.00%,0,10,NINJASTAR,8,Axie,,71,0:15:00,1.94%,"311,200.00","86,400.00",,,,"62,240.00",
PLUNGER_24,482,1:45:00,TAPE,"24,100.00",,,100.00%,0,10,MYSTICWEAPON,2,Axie,,93,0:15:00,6.21%,"330,514.29","86,400.00",,,,"66,102.86",
PLUNGER_25,598,2:00:00,TAPE,"29,900.00",,,100.00%,0,10,MYSTICWEAPON,3,Axie,,116,0:15:00,8.56%,"358,800.00","86,400.00",,,,"71,760.00",
PLUNGER_26,750,2:30:00,TAPE,"37,500.00",,,100.00%,0,10,MYSTICWEAPON,4,Axie,,152,0:30:00,0.33%,"360,000.00","86,400.00",,,,"72,000.00",
PLUNGER_27,920,3:00:00,TAPE,"46,000.00",,,100.00%,0,10,MYSTICWEAPON,5,Axie,,170,0:30:00,2.22%,"368,000.00","86,400.00",,,,"73,600.00",
PLUNGER_28,"1,140",3:30:00,TAPE,"57,000.00",,,100.00%,0,10,MYSTICWEAPON,6,Axie,,220,0:30:00,6.21%,"390,857.14","86,400.00",,,,"78,171.43",
PLUNGER_29,"1,425",4:15:00,TAPE,"71,250.00",,,100.00%,0,10,MYSTICWEAPON,7,Axie,,285,0:45:00,2.94%,"402,352.94","86,400.00",,,,"80,470.59",
PLUNGER_30,"1,698",5:00:00,TAPE,"84,900.00",,,100.00%,0,10,MYSTICWEAPON,8,Axie,,273,0:45:00,1.28%,"407,520.00","86,400.00",,,,"81,504.00",
PLUNGER_31,"1,807",5:06:00,TAPE,"90,350.00",,,100.00%,0,10,MYSTICWEAPON,10,Axie,,109,0:06:00,4.33%,"425,176.47","86,400.00",,,,"85,035.29",
PLUNGER_32,"1,955",5:18:00,TAPE,"97,750.00",,,100.00%,0,10,MYSTICWEAPON,12,Axie,,148,0:12:00,4.11%,"442,641.51","86,400.00",,,,"88,528.30",
PLUNGER_33,"2,070",5:24:00,TAPE,"103,500.00",,,100.00%,0,10,MYSTICWEAPON,14,Axie,,115,0:06:00,3.92%,"460,000.00","86,400.00",,,,"92,000.00",
PLUNGER_34,"2,183",5:30:00,TAPE,"109,150.00",,,100.00%,0,10,MYSTICWEAPON,17,Axie,,113,0:06:00,3.54%,"476,290.91","86,400.00",,,,"95,258.18",
PLUNGER_35,"2,299",5:36:00,TAPE,"114,950.00",,,100.00%,0,10,MYSTICWEAPON,19,Axie,,116,0:06:00,3.43%,"492,642.86","86,400.00",,,,"98,528.57",
PLUNGER_36,"2,417",5:42:00,TAPE,"120,850.00",,,100.00%,0,10,MYSTICWEAPON,22,Axie,,118,0:06:00,3.29%,"508,842.11","86,400.00",,,,"101,768.42",
PLUNGER_37,"2,532",5:48:00,TAPE,"126,600.00",,,100.00%,0,10,MYSTICWEAPON,25,Axie,,115,0:06:00,2.95%,"523,862.07","86,400.00",,,,"104,772.41",
PLUNGER_38,"2,610",5:48:00,TAPE,"130,500.00",,,100.00%,0,10,MYSTICWEAPON,28,Axie,,78,0:00:00,3.08%,"540,000.00","86,400.00",,,,"108,000.00",
PLUNGER_39,"2,729",5:54:00,TAPE,"136,450.00",,,100.00%,0,10,MYSTICWEAPON,30,Axie,,119,0:06:00,2.79%,"555,050.85","86,400.00",,,,"111,010.17",
PLUNGER_40,"2,850",6:00:00,TAPE,"142,500.00",,,100.00%,0,10,MYSTICWEAPON,32,Axie,,121,0:06:00,2.69%,"570,000.00","86,400.00",,,,"114,000.00",
,,,,,,,,,,,,,,,,,,,,,,,
TOYHAMMER_1,1,0:03:00,SPOON,12.00,,,100.00%,0,24,MAGICSHARD,1,Axie,,0,0:00:00,0%,"5,760.00","5,760.00",,,,"11,520.00",
TOYHAMMER_2,2,0:03:00,SPOON,24.00,,,100.00%,0,24,TOYHAMMER,2,Axie,,1,0:00:00,100%,"11,520.00","5,760.00",,,,"23,040.00",
TOYHAMMER_3,3,0:03:30,SPOON,36.00,,,100.00%,0,24,TOYHAMMER,6,Axie,,1,0:00:30,28.57%,"14,811.43","5,760.00",,,,"29,622.86",
TOYHAMMER_4,4,0:04:15,SPOON,48.00,,,100.00%,0,24,TOYHAMMER,10,Axie,,1,0:00:45,9.8%,"16,263.53","5,760.00",,,,"32,527.06",
TOYHAMMER_5,5,0:05:00,SPOON,60.00,,,100.00%,0,24,TOYHAMMER,16,Axie,,1,0:00:45,6.25%,"17,280.00","5,760.00",,,,"34,560.00",
TOYHAMMER_6,8,0:07:30,SPOON,96.00,,,100.00%,0,24,TOYHAMMER,23,Axie,,3,0:02:30,6.67%,"18,432.00","5,760.00",,,,"36,864.00",
TOYHAMMER_7,12,0:10:00,SPOON,144.00,,,100.00%,0,24,TARGET,16,Axie,,4,0:02:30,12.5%,"20,736.00","5,760.00",,,,"41,472.00",
TOYHAMMER_8,20,0:15:00,SPOON,240.00,,,100.00%,0,24,TARGET,22,Axie,,8,0:05:00,11.11%,"23,040.00","5,760.00",,,,"46,080.00",
TOYHAMMER_9,30,0:20:00,SPOON,360.00,,,100.00%,0,24,TARGET,31,Axie,,10,0:05:00,12.5%,"25,920.00","5,760.00",,,,"51,840.00",
TOYHAMMER_10,48,0:30:00,SPOON,576.00,,,100.00%,0,24,TARGET,43,Axie,,18,0:10:00,6.67%,"27,648.00","5,760.00",,,,"55,296.00",
TOYHAMMER_11,74,0:45:00,SPOON,888.00,,,100.00%,0,24,SWORD,5,Axie,,26,0:15:00,2.78%,"28,416.00","5,760.00",,,,"56,832.00",
TOYHAMMER_12,103,1:00:00,SPOON,"1,236.00",,,100.00%,0,24,SWORD,7,Axie,,29,0:15:00,4.39%,"29,664.00","5,760.00",,,,"59,328.00",
TOYHAMMER_13,137,1:15:00,SPOON,"1,644.00",,,100.00%,0,24,SWORD,9,Axie,,34,0:15:00,6.41%,"31,564.80","5,760.00",,,,"63,129.60",
TOYHAMMER_14,177,1:30:00,SPOON,"2,124.00",,,100.00%,0,24,SWORD,12,Axie,,40,0:15:00,7.66%,"33,984.00","5,760.00",,,,"67,968.00",
TOYHAMMER_15,227,1:48:00,SPOON,"2,724.00",,,100.00%,0,24,NINJASTAR,15,Axie,,50,0:18:00,6.87%,"36,320.00","5,760.00",,,,"72,640.00",
TOYHAMMER_16,280,2:03:00,SPOON,"3,360.00",,,100.00%,0,24,NINJASTAR,20,Axie,,53,0:15:00,8.31%,"39,336.59","5,760.00",,,,"78,673.17",
TOYHAMMER_17,331,2:15:00,SPOON,"3,972.00",,,100.00%,0,24,NINJASTAR,26,Axie,,51,0:12:00,7.71%,"42,368.00","5,760.00",,,,"84,736.00",
TOYHAMMER_18,396,2:30:00,SPOON,"4,752.00",,,100.00%,0,24,NINJASTAR,30,Axie,,65,0:15:00,7.67%,"45,619.20","5,760.00",,,,"91,238.40",
TOYHAMMER_19,470,2:45:00,SPOON,"5,640.00",,,100.00%,0,24,NINJASTAR,36,Axie,,74,0:15:00,7.9%,"49,221.82","5,760.00",,,,"98,443.64",
TOYHAMMER_20,554,3:00:00,SPOON,"6,648.00",,,100.00%,0,24,MYSTICWEAPON,7,Axie,,84,0:15:00,8.05%,"53,184.00","5,760.00",,,,"106,368.00",
TOYHAMMER_21,627,3:12:00,SPOON,"7,524.00",,,100.00%,0,24,MYSTICWEAPON,9,Axie,,73,0:12:00,6.1%,"56,430.00","5,760.00",,,,"112,860.00",
TOYHAMMER_22,716,3:27:00,SPOON,"8,592.00",,,100.00%,0,24,MYSTICWEAPON,11,Axie,,89,0:15:00,5.92%,"59,770.43","5,760.00",,,,"119,540.87",
TOYHAMMER_23,799,3:39:00,SPOON,"9,588.00",,,100.00%,0,24,MYSTICWEAPON,13,Axie,,83,0:12:00,5.48%,"63,044.38","5,760.00",,,,"126,088.77",
TOYHAMMER_24,883,3:51:00,SPOON,"10,596.00",,,100.00%,0,24,MYSTICWEAPON,15,Axie,,84,0:12:00,4.77%,"66,052.99","5,760.00",,,,"132,105.97",
TOYHAMMER_25,971,4:03:00,SPOON,"11,652.00",,,100.00%,0,24,MYSTICWEAPON,17,Axie,,88,0:12:00,4.54%,"69,048.89","5,760.00",,,,"138,097.78",
TOYHAMMER_26,"1,075",4:18:00,SPOON,"12,900.00",,,100.00%,0,24,MYSTICWEAPON,18,Axie,,104,0:15:00,4.27%,"72,000.00","5,760.00",,,,"144,000.00",
TOYHAMMER_27,"1,172",4:30:00,SPOON,"14,064.00",,,100.00%,0,24,MYSTICWEAPON,20,Axie,,97,0:12:00,4.18%,"75,008.00","5,760.00",,,,"150,016.00",
TOYHAMMER_28,"1,269",4:42:00,SPOON,"15,228.00",,,100.00%,0,24,MYSTICWEAPON,21,Axie,,97,0:12:00,3.67%,"77,760.00","5,760.00",,,,"155,520.00",
TOYHAMMER_29,"1,368",4:54:00,SPOON,"16,416.00",,,100.00%,0,24,MYSTICWEAPON,23,Axie,,99,0:12:00,3.4%,"80,404.90","5,760.00",,,,"160,809.80",
TOYHAMMER_30,"1,458",5:03:00,SPOON,"17,496.00",,,100.00%,0,24,MYSTICWEAPON,25,Axie,,90,0:09:00,3.41%,"83,149.31","5,760.00",,,,"166,298.61",
TOYHAMMER_31,"1,565",5:15:00,SPOON,"18,780.00",,,100.00%,0,24,MYSTICWEAPON,27,Axie,,107,0:12:00,3.25%,"85,851.43","5,760.00",,,,"171,702.86",
TOYHAMMER_32,"1,675",5:27:00,SPOON,"20,100.00",,,100.00%,0,24,MYSTICWEAPON,30,Axie,,110,0:12:00,3.1%,"88,513.76","5,760.00",,,,"177,027.52",
TOYHAMMER_33,"1,784",5:39:00,SPOON,"21,408.00",,,100.00%,0,24,MYSTICWEAPON,32,Axie,,109,0:12:00,2.74%,"90,936.64","5,760.00",,,,"181,873.27",
TOYHAMMER_34,"1,885",5:48:00,SPOON,"22,620.00",,,100.00%,0,24,MYSTICWEAPON,36,Axie,,101,0:09:00,2.93%,"93,600.00","5,760.00",,,,"187,200.00",
TOYHAMMER_35,"2,000",6:00:00,SPOON,"24,000.00",,,100.00%,0,24,MYSTICWEAPON,40,Axie,,115,0:12:00,2.56%,"96,000.00","5,760.00",,,,"192,000.00",
,,,,,,,,,,,,,,,,,,,,,,,
TARGET_1,1,0:07:30,PLUNGER,6.00,,,100.00%,0,75,MAGICSHARD,1,Axie,,0,0:00:00,0%,"1,152.00","2,160.02",,,,"14,400.00",
TARGET_2,2,0:07:30,PLUNGER,12.00,,,100.00%,0,75,TARGET,2,Axie,,1,0:00:00,100%,"2,304.00","2,160.02",,,,"28,800.00",
TARGET_3,3,0:08:15,PLUNGER,18.00,,,100.00%,0,75,TARGET,6,Axie,,1,0:00:45,36.36%,"3,141.82","2,160.02",,,,"39,272.73",
TARGET_4,4,0:09:00,PLUNGER,24.00,,,100.00%,0,75,TARGET,8,Axie,,1,0:00:45,22.22%,"3,840.00","2,160.02",,,,"48,000.00",
TARGET_5,5,0:10:00,PLUNGER,30.00,,,100.00%,0,75,TARGET,11,Axie,,1,0:01:00,12.5%,"4,320.00","2,160.02",,,,"54,000.00",
TARGET_6,6,0:11:30,PLUNGER,36.00,,,100.00%,0,75,TARGET,14,Axie,,1,0:01:30,4.35%,"4,507.83","2,160.02",,,,"56,347.83",
TARGET_7,8,0:14:30,PLUNGER,48.00,,,100.00%,0,75,TARGET,19,Axie,,2,0:03:00,5.75%,"4,766.90","2,160.02",,,,"59,586.21",
TARGET_8,11,0:19:40,PLUNGER,66.00,,,100.00%,0,75,SWORD,2,Axie,,3,0:05:10,1.38%,"4,832.56","2,160.02",,,,"60,406.98",
TARGET_9,15,0:25:00,PLUNGER,90.00,,,100.00%,0,75,SWORD,3,Axie,,4,0:05:20,7.27%,"5,184.00","2,160.02",,,,"64,800.00",
TARGET_10,21,0:33:00,PLUNGER,126.00,,,100.00%,0,75,SWORD,4,Axie,,6,0:08:00,6.06%,"5,498.18","2,160.02",,,,"68,727.27",
TARGET_11,29,0:43:00,PLUNGER,174.00,,,100.00%,0,75,SWORD,5,Axie,,8,0:10:00,5.98%,"5,826.98","2,160.02",,,,"72,837.21",
TARGET_12,39,0:55:00,PLUNGER,234.00,,,100.00%,0,75,SWORD,7,Axie,,10,0:12:00,5.14%,"6,126.55","2,160.02",,,,"76,581.82",
TARGET_13,51,1:08:00,PLUNGER,306.00,,,100.00%,0,75,SWORD,9,Axie,,12,0:13:00,5.77%,"6,480.00","2,160.02",,,,"81,000.00",
TARGET_14,64,1:20:00,PLUNGER,384.00,,,100.00%,0,75,NINJASTAR,12,Axie,,13,0:12:00,6.67%,"6,912.00","2,160.02",,,,"86,400.00",
TARGET_15,77,1:30:00,PLUNGER,462.00,,,100.00%,0,75,NINJASTAR,16,Axie,,13,0:10:00,6.94%,"7,392.00","2,160.02",,,,"92,400.00",
TARGET_16,97,1:45:00,PLUNGER,582.00,,,100.00%,0,75,NINJASTAR,21,Axie,,20,0:15:00,7.98%,"7,981.71","2,160.02",,,,"99,771.43",
TARGET_17,123,2:00:00,PLUNGER,738.00,,,100.00%,0,75,NINJASTAR,29,Axie,,26,0:15:00,10.95%,"8,856.00","2,160.02",,,,"110,700.00",
TARGET_18,159,2:18:00,PLUNGER,954.00,,,100.00%,0,75,NINJASTAR,33,Axie,,36,0:18:00,12.41%,"9,954.78","2,160.02",,,,"124,434.78",
TARGET_19,202,2:33:00,PLUNGER,"1,212.00",,,100.00%,0,75,NINJASTAR,37,Axie,,43,0:15:00,14.59%,"11,407.06","2,160.02",,,,"142,588.24",
TARGET_20,231,2:48:00,PLUNGER,"1,386.00",,,100.00%,0,75,MYSTICWEAPON,7,Axie,,29,0:15:00,4.15%,"11,880.00","2,160.02",,,,"148,500.00",
TARGET_21,262,3:03:00,PLUNGER,"1,572.00",,,100.00%,0,75,MYSTICWEAPON,9,Axie,,31,0:15:00,4.12%,"12,369.84","2,160.02",,,,"154,622.95",
TARGET_22,294,3:18:00,PLUNGER,"1,764.00",,,100.00%,0,75,MYSTICWEAPON,11,Axie,,32,0:15:00,3.71%,"12,829.09","2,160.02",,,,"160,363.64",
TARGET_23,327,3:33:00,PLUNGER,"1,962.00",,,100.00%,0,75,MYSTICWEAPON,13,Axie,,33,0:15:00,3.39%,"13,264.23","2,160.02",,,,"165,802.82",
TARGET_24,361,3:48:00,PLUNGER,"2,166.00",,,100.00%,0,75,MYSTICWEAPON,15,Axie,,34,0:15:00,3.13%,"13,680.00","2,160.02",,,,"171,000.00",
TARGET_25,396,4:03:00,PLUNGER,"2,376.00",,,100.00%,0,75,MYSTICWEAPON,17,Axie,,35,0:15:00,2.92%,"14,080.00","2,160.02",,,,"176,000.00",
TARGET_26,433,4:18:00,PLUNGER,"2,598.00",,,100.00%,0,75,MYSTICWEAPON,18,Axie,,37,0:15:00,2.99%,"14,500.47","2,160.02",,,,"181,255.81",
TARGET_27,471,4:33:00,PLUNGER,"2,826.00",,,100.00%,0,75,MYSTICWEAPON,20,Axie,,38,0:15:00,2.8%,"14,906.37","2,160.02",,,,"186,329.67",
TARGET_28,509,4:48:00,PLUNGER,"3,054.00",,,100.00%,0,75,MYSTICWEAPON,21,Axie,,38,0:15:00,2.44%,"15,270.00","2,160.02",,,,"190,875.00",
TARGET_29,550,5:03:00,PLUNGER,"3,300.00",,,100.00%,0,75,MYSTICWEAPON,23,Axie,,41,0:15:00,2.71%,"15,683.17","2,160.02",,,,"196,039.60",
TARGET_30,590,5:18:00,PLUNGER,"3,540.00",,,100.00%,0,75,MYSTICWEAPON,25,Axie,,40,0:15:00,2.21%,"16,030.19","2,160.02",,,,"200,377.36",
TARGET_31,632,5:33:00,PLUNGER,"3,792.00",,,100.00%,0,75,MYSTICWEAPON,27,Axie,,42,0:15:00,2.29%,"16,397.84","2,160.02",,,,"204,972.97",
TARGET_32,674,5:48:00,PLUNGER,"4,044.00",,,100.00%,0,75,MYSTICWEAPON,30,Axie,,42,0:15:00,2.05%,"16,733.79","2,160.02",,,,"209,172.41",
TARGET_33,712,6:00:00,PLUNGER,"4,272.00",,,100.00%,0,75,MYSTICWEAPON,32,Axie,,38,0:12:00,2.12%,"17,088.00","2,160.02",,,,"213,600.00",
TARGET_34,756,6:15:00,PLUNGER,"4,536.00",,,100.00%,0,75,MYSTICWEAPON,36,Axie,,44,0:15:00,1.93%,"17,418.24","2,160.02",,,,"217,728.00",
TARGET_35,801,6:30:00,PLUNGER,"4,806.00",,,100.00%,0,75,MYSTICWEAPON,40,Axie,,45,0:15:00,1.88%,"17,745.23","2,160.02",,,,"221,815.38",
,,,,,,,,,,,,,,,,,,,,,,,
SWORD_1,1,0:30:00,PLUNGER,26.00,TOYHAMMER,16.00,100.00%,0,650,MAGICSHARD,1,Axie,,0,0:00:00,0%,"1,248.00","2,160.02",768.00,480.00,,"31,200.00",
SWORD_2,2,0:37:12,PLUNGER,52.00,TOYHAMMER,32.00,100.00%,0,650,SWORD,2,Axie,,1,0:07:12,61.29%,"2,012.90","2,160.02","1,238.71",480.00,,"50,322.58",
SWORD_3,3,0:43:48,PLUNGER,78.00,TOYHAMMER,48.00,100.00%,0,650,SWORD,3,Axie,,1,0:06:36,27.4%,"2,564.38","2,160.02","1,578.08",480.00,,"64,109.59",
SWORD_4,4,0:51:00,PLUNGER,104.00,TOYHAMMER,64.00,100.00%,0,650,SWORD,5,Axie,,1,0:07:12,14.51%,"2,936.47","2,160.02","1,807.06",480.00,,"73,411.76",
SWORD_5,5,0:58:48,PLUNGER,130.00,TOYHAMMER,80.00,100.00%,0,650,SWORD,7,Axie,,1,0:07:48,8.42%,"3,183.67","2,160.02","1,959.18",480.00,,"79,591.84",
SWORD_6,6,1:07:48,PLUNGER,156.00,TOYHAMMER,96.00,100.00%,0,650,SWORD,10,Axie,,1,0:09:00,4.07%,"3,313.27","2,160.02","2,038.94",480.00,,"82,831.86",
SWORD_7,7,1:16:48,PLUNGER,182.00,TOYHAMMER,112.00,100.00%,0,650,NINJASTAR,13,Axie,,1,0:09:00,2.99%,"3,412.50","2,160.02","2,100.00",480.00,,"85,312.50",
SWORD_8,9,1:27:00,PLUNGER,234.00,TOYHAMMER,144.00,100.00%,0,650,NINJASTAR,22,Axie,,2,0:10:12,13.5%,"3,873.10","2,160.02","2,383.45",480.00,,"96,827.59",
SWORD_9,11,1:37:48,PLUNGER,286.00,TOYHAMMER,176.00,100.00%,0,650,NINJASTAR,34,Axie,,2,0:10:48,8.73%,"4,211.04","2,160.02","2,591.41",480.00,,"105,276.07",
SWORD_10,14,1:49:12,PLUNGER,364.00,TOYHAMMER,224.00,100.00%,0,650,MYSTICWEAPON,7,Axie,,3,0:11:24,13.99%,"4,800.00","2,160.02","2,953.85",480.00,,"120,000.00",
SWORD_11,17,2:01:48,PLUNGER,442.00,TOYHAMMER,272.00,100.00%,0,650,MYSTICWEAPON,9,Axie,,3,0:12:36,8.87%,"5,225.62","2,160.02","3,215.76",480.00,,"130,640.39",
SWORD_12,20,2:15:00,PLUNGER,520.00,TOYHAMMER,320.00,100.00%,0,650,MYSTICWEAPON,10,Axie,,3,0:13:12,6.14%,"5,546.67","2,160.02","3,413.33",480.00,,"138,666.67",
SWORD_13,24,2:28:48,PLUNGER,624.00,TOYHAMMER,384.00,100.00%,0,650,MYSTICWEAPON,13,Axie,,4,0:13:48,8.87%,"6,038.71","2,160.02","3,716.13",480.00,,"150,967.74",
SWORD_14,29,2:43:48,PLUNGER,754.00,TOYHAMMER,464.00,100.00%,0,650,MYSTICWEAPON,15,Axie,,5,0:15:00,9.77%,"6,628.57","2,160.02","4,079.12",480.00,,"165,714.29",
SWORD_15,35,3:00:00,PLUNGER,910.00,TOYHAMMER,560.00,100.00%,0,650,MYSTICWEAPON,17,Axie,,6,0:16:12,9.83%,"7,280.00","2,160.02","4,480.00",480.00,,"182,000.00",
SWORD_16,42,3:16:48,PLUNGER,"1,092.00",TOYHAMMER,672.00,100.00%,0,650,MYSTICWEAPON,20,Axie,,7,0:16:48,9.76%,"7,990.24","2,160.02","4,917.07",480.00,,"199,756.10",
SWORD_17,50,3:36:00,PLUNGER,"1,300.00",TOYHAMMER,800.00,100.00%,0,650,MYSTICWEAPON,23,Axie,,8,0:19:12,8.47%,"8,666.67","2,160.02","5,333.33",480.00,,"216,666.67",
SWORD_18,60,3:55:48,PLUNGER,"1,560.00",TOYHAMMER,960.00,100.00%,0,650,MYSTICWEAPON,26,Axie,,10,0:19:48,9.92%,"9,526.72","2,160.02","5,862.60",480.00,,"238,167.94",
SWORD_19,72,4:16:48,PLUNGER,"1,872.00",TOYHAMMER,"1,152.00",100.00%,0,650,MYSTICWEAPON,29,Axie,,12,0:21:00,10.19%,"10,497.20","2,160.02","6,459.81",480.00,,"262,429.91",
SWORD_20,85,4:40:12,PLUNGER,"2,210.00",TOYHAMMER,"1,360.00",100.00%,0,650,MYSTICWEAPON,33,Axie,,13,0:23:24,8.2%,"11,357.60","2,160.02","6,989.29",480.00,,"283,940.04",
SWORD_21,99,5:04:12,PLUNGER,"2,574.00",TOYHAMMER,"1,584.00",100.00%,0,650,MYSTICWEAPON,37,Axie,,14,0:24:00,7.28%,"12,184.62","2,160.02","7,498.22",480.00,,"304,615.38",
SWORD_22,113,5:30:00,PLUNGER,"2,938.00",TOYHAMMER,"1,808.00",100.00%,0,650,MYSTICWEAPON,41,Axie,,14,0:25:48,5.22%,"12,820.36","2,160.02","7,889.45",480.00,,"320,509.09",
SWORD_23,128,5:58:12,PLUNGER,"3,328.00",TOYHAMMER,"2,048.00",100.00%,0,650,MYSTICWEAPON,45,Axie,,15,0:28:12,4.36%,"13,378.89","2,160.02","8,233.17",480.00,,"334,472.36",
SWORD_24,144,6:28:12,PLUNGER,"3,744.00",TOYHAMMER,"2,304.00",100.00%,0,650,MYSTICWEAPON,50,Axie,,16,0:30:00,3.81%,"13,888.10","2,160.02","8,546.52",480.00,,"347,202.47",
SWORD_25,161,7:00:00,PLUNGER,"4,186.00",TOYHAMMER,"2,576.00",100.00%,0,650,MYSTICWEAPON,55,Axie,,17,0:31:48,3.34%,"14,352.00","2,160.02","8,832.00",480.00,,"358,800.00",
,,,,,,,,,,,,,,,,,,,,,,,
NINJASTAR_1,1,0:40:00,SPOON,115.00,TARGET,8.00,100.00%,0,"1,000",MAGICSHARD,1,Axie,,0,0:00:00,0%,"4,140.00","5,760.00",288.00,192.00,,"36,000.00",
NINJASTAR_2,2,1:00:00,SPOON,230.00,TARGET,16.00,100.00%,0,"1,000",NINJASTAR,2,Axie,,1,0:20:00,33.33%,"5,520.00","5,760.00",384.00,192.00,,"48,000.00",
NINJASTAR_3,3,1:20:00,SPOON,345.00,TARGET,24.00,100.00%,0,"1,000",NINJASTAR,3,Axie,,1,0:20:00,12.5%,"6,210.00","5,760.00",432.00,192.00,,"54,000.00",
NINJASTAR_4,4,1:40:00,SPOON,460.00,TARGET,32.00,100.00%,0,"1,000",NINJASTAR,5,Axie,,1,0:20:00,6.67%,"6,624.00","5,760.00",460.80,192.00,,"57,600.02",
NINJASTAR_5,5,1:51:00,SPOON,575.00,TARGET,40.00,100.00%,0,"1,000",NINJASTAR,8,Axie,,1,0:11:00,12.61%,"7,459.46","5,760.00",518.92,192.00,,"64,864.86",
NINJASTAR_6,6,2:00:00,SPOON,690.00,TARGET,48.00,100.00%,0,"1,000",NINJASTAR,11,Axie,,1,0:09:00,11%,"8,280.00","5,760.00",576.00,192.00,,"72,000.00",
NINJASTAR_7,8,2:20:00,SPOON,920.00,TARGET,64.00,100.00%,0,"1,000",NINJASTAR,15,Axie,,2,0:20:00,14.29%,"9,462.86","5,760.00",658.29,192.00,,"82,285.71",
NINJASTAR_8,10,2:40:00,SPOON,"1,150.00",TARGET,80.00,100.00%,0,"1,000",NINJASTAR,24,Axie,,2,0:20:00,9.38%,"10,350.00","5,760.00",720.00,192.00,,"90,000.00",
NINJASTAR_9,12,3:00:00,SPOON,"1,380.00",TARGET,96.00,100.00%,0,"1,000",NINJASTAR,36,Axie,,2,0:20:00,6.67%,"11,040.00","5,760.00",768.00,192.00,,"96,000.00",
NINJASTAR_10,15,3:30:00,SPOON,"1,725.00",TARGET,120.00,100.00%,0,"1,000",MYSTICWEAPON,7,Axie,,3,0:30:00,7.14%,"11,828.57","5,760.00",822.86,192.00,,"102,857.14",
NINJASTAR_11,19,4:00:00,SPOON,"2,185.00",TARGET,152.00,100.00%,0,"1,000",MYSTICWEAPON,9,Axie,,4,0:30:00,10.83%,"13,110.00","5,760.00",912.00,192.00,,"114,000.00",
NINJASTAR_12,24,4:30:00,SPOON,"2,760.00",TARGET,192.00,100.00%,0,"1,000",MYSTICWEAPON,11,Axie,,5,0:30:00,12.28%,"14,720.00","5,760.00","1,024.00",192.00,,"128,000.00",
NINJASTAR_13,27,4:39:00,SPOON,"3,105.00",TARGET,216.00,100.00%,0,"1,000",MYSTICWEAPON,13,Axie,,3,0:09:00,8.87%,"16,025.81","5,760.00","1,114.84",192.00,,"139,354.84",
NINJASTAR_14,32,4:45:00,SPOON,"3,680.00",TARGET,256.00,100.00%,0,"1,000",MYSTICWEAPON,16,Axie,,5,0:06:00,16.02%,"18,593.68","5,760.00","1,293.47",192.00,,"161,684.21",
NINJASTAR_15,38,4:54:00,SPOON,"4,370.00",TARGET,304.00,100.00%,0,"1,000",MYSTICWEAPON,18,Axie,,6,0:09:00,15.11%,"21,404.08","5,760.00","1,488.98",192.00,,"186,122.45",
NINJASTAR_16,44,5:06:00,SPOON,"5,060.00",TARGET,352.00,100.00%,0,"1,000",MYSTICWEAPON,21,Axie,,6,0:12:00,11.25%,"23,811.76","5,760.00","1,656.47",192.00,,"207,058.82",
NINJASTAR_17,51,5:15:00,SPOON,"5,865.00",TARGET,408.00,100.00%,0,"1,000",MYSTICWEAPON,24,Axie,,7,0:09:00,12.6%,"26,811.43","5,760.00","1,865.14",192.00,,"233,142.86",
NINJASTAR_18,58,5:27:00,SPOON,"6,670.00",TARGET,464.00,100.00%,0,"1,000",MYSTICWEAPON,27,Axie,,7,0:12:00,9.55%,"29,372.48","5,760.00","2,043.30",192.00,,"255,412.84",
NINJASTAR_19,65,5:36:00,SPOON,"7,475.00",TARGET,520.00,100.00%,0,"1,000",MYSTICWEAPON,31,Axie,,7,0:09:00,9.07%,"32,035.71","5,760.00","2,228.57",192.00,,"278,571.43",
NINJASTAR_20,72,5:48:00,SPOON,"8,280.00",TARGET,576.00,100.00%,0,"1,000",MYSTICWEAPON,35,Axie,,7,0:12:00,6.95%,"34,262.07","5,760.00","2,383.45",192.00,,"297,931.03",
NINJASTAR_21,80,6:00:00,SPOON,"9,200.00",TARGET,640.00,100.00%,0,"1,000",MYSTICWEAPON,39,Axie,,8,0:12:00,7.41%,"36,800.00","5,760.00","2,560.00",192.00,,"320,000.00",
NINJASTAR_22,88,6:15:00,SPOON,"10,120.00",TARGET,704.00,100.00%,0,"1,000",MYSTICWEAPON,42,Axie,,8,0:15:00,5.6%,"38,860.80","5,760.00","2,703.36",192.00,,"337,920.00",
NINJASTAR_23,97,6:30:00,SPOON,"11,155.00",TARGET,776.00,100.00%,0,"1,000",MYSTICWEAPON,47,Axie,,9,0:15:00,5.99%,"41,187.69","5,760.00","2,865.23",192.00,,"358,153.85",
NINJASTAR_24,106,6:45:00,SPOON,"12,190.00",TARGET,848.00,100.00%,0,"1,000",MYSTICWEAPON,51,Axie,,9,0:15:00,5.23%,"43,342.22","5,760.00","3,015.11",192.00,,"376,888.89",
NINJASTAR_25,116,7:00:00,SPOON,"13,340.00",TARGET,928.00,100.00%,0,"1,000",MYSTICWEAPON,57,Axie,,10,0:15:00,5.53%,"45,737.14","5,760.00","3,181.71",192.00,,"397,714.29",
,,,,,,,,,,,,,,,,,,,,,,,
MYSTICWEAPON_1,1,1:30:00,SWORD,4.00,NINJASTAR,3.00,100.00%,0,"3,000",MAGICSHARD,1,Axie,,0,0:00:00,0%,64.00,48.00,48.00,36.00,,"48,000.00",
MYSTICWEAPON_2,2,2:00:00,SWORD,8.00,NINJASTAR,6.00,100.00%,0,"3,000",MYSTICWEAPON,2,Axie,,1,0:30:00,50%,96.00,48.00,72.00,36.00,,"72,000.00",
MYSTICWEAPON_3,3,2:30:00,SWORD,12.00,NINJASTAR,9.00,100.00%,0,"3,000",MYSTICWEAPON,3,Axie,,1,0:30:00,20%,115.20,48.00,86.40,36.00,,"86,400.00",
MYSTICWEAPON_4,4,3:00:00,SWORD,16.00,NINJASTAR,12.00,100.00%,0,"3,000",MYSTICWEAPON,4,Axie,,1,0:30:00,11.11%,128.00,48.00,96.00,36.00,,"96,000.00",
MYSTICWEAPON_5,5,3:30:00,SWORD,20.00,NINJASTAR,15.00,100.00%,0,"3,000",MYSTICWEAPON,5,Axie,,1,0:30:00,7.14%,137.14,48.00,102.86,36.00,,"102,857.14",
MYSTICWEAPON_6,7,3:39:00,SWORD,28.00,NINJASTAR,21.00,100.00%,0,"3,000",MYSTICWEAPON,7,Axie,,2,0:09:00,34.25%,184.11,48.00,138.08,36.00,,"138,082.19",
MYSTICWEAPON_7,9,3:48:00,SWORD,36.00,NINJASTAR,27.00,100.00%,0,"3,000",MYSTICWEAPON,9,Axie,,2,0:09:00,23.5%,227.37,48.00,170.53,36.00,,"170,526.32",
MYSTICWEAPON_8,11,3:57:00,SWORD,44.00,NINJASTAR,33.00,100.00%,0,"3,000",MYSTICWEAPON,11,Axie,,2,0:09:00,17.58%,267.34,48.00,200.51,36.00,,"200,506.33",
MYSTICWEAPON_9,14,4:06:00,SWORD,56.00,NINJASTAR,42.00,100.00%,0,"3,000",MYSTICWEAPON,14,Axie,,3,0:09:00,22.62%,327.80,48.00,245.85,36.00,,"245,853.66",
MYSTICWEAPON_10,16,4:18:00,SWORD,64.00,NINJASTAR,48.00,100.00%,0,"3,000",MYSTICWEAPON,17,Axie,,2,0:12:00,8.97%,357.21,48.00,267.91,36.00,,"267,906.98",
MYSTICWEAPON_11,19,4:30:00,SWORD,76.00,NINJASTAR,57.00,100.00%,0,"3,000",MYSTICWEAPON,20,Axie,,3,0:12:00,13.47%,405.33,48.00,304.00,36.00,,"304,000.00",
MYSTICWEAPON_12,22,4:39:00,SWORD,88.00,NINJASTAR,66.00,100.00%,0,"3,000",MYSTICWEAPON,24,Axie,,3,0:09:00,12.05%,454.19,48.00,340.65,36.00,,"340,645.16",
MYSTICWEAPON_13,25,4:51:00,SWORD,100.00,NINJASTAR,75.00,100.00%,0,"3,000",MYSTICWEAPON,29,Axie,,3,0:12:00,8.95%,494.85,48.00,371.13,36.00,,"371,134.02",
MYSTICWEAPON_14,29,5:03:00,SWORD,116.00,NINJASTAR,87.00,100.00%,0,"3,000",MYSTICWEAPON,34,Axie,,4,0:12:00,11.41%,551.29,48.00,413.47,36.00,,"413,465.35",
MYSTICWEAPON_15,34,5:18:00,SWORD,136.00,NINJASTAR,102.00,100.00%,0,"3,000",MYSTICWEAPON,39,Axie,,5,0:15:00,11.71%,615.85,48.00,461.89,36.00,,"461,886.79",
MYSTICWEAPON_16,39,5:30:00,SWORD,156.00,NINJASTAR,117.00,100.00%,0,"3,000",MYSTICWEAPON,45,Axie,,5,0:12:00,10.53%,680.73,48.00,510.55,36.00,,"510,545.45",
MYSTICWEAPON_17,45,5:45:00,SWORD,180.00,NINJASTAR,135.00,100.00%,0,"3,000",MYSTICWEAPON,52,Axie,,6,0:15:00,10.37%,751.30,48.00,563.48,36.00,,"563,478.26",
MYSTICWEAPON_18,50,6:00:00,SWORD,200.00,NINJASTAR,150.00,100.00%,0,"3,000",MYSTICWEAPON,60,Axie,,5,0:15:00,6.48%,800.00,48.00,600.00,36.00,,"600,000.00",
MYSTICWEAPON_19,57,6:15:00,SWORD,228.00,NINJASTAR,171.00,100.00%,0,"3,000",MYSTICWEAPON,69,Axie,,7,0:15:00,9.44%,875.52,48.00,656.64,36.00,,"656,640.00",
MYSTICWEAPON_20,63,6:30:00,SWORD,252.00,NINJASTAR,189.00,100.00%,0,"3,000",MYSTICWEAPON,80,Axie,,6,0:15:00,6.28%,930.46,48.00,697.85,36.00,,"697,846.15",
MYSTICWEAPON_21,69,6:45:00,SWORD,276.00,NINJASTAR,207.00,100.00%,0,"3,000",MYSTICWEAPON,90,Axie,,6,0:15:00,5.47%,981.33,48.00,736.00,36.00,,"736,000.00",
MYSTICWEAPON_22,77,7:03:00,SWORD,308.00,NINJASTAR,231.00,100.00%,0,"3,000",MYSTICWEAPON,100,Axie,,8,0:18:00,6.85%,"1,048.51",48.00,786.38,36.00,,"786,382.98",
MYSTICWEAPON_23,84,7:21:00,SWORD,336.00,NINJASTAR,252.00,100.00%,0,"3,000",MYSTICWEAPON,115,Axie,,7,0:18:00,4.64%,"1,097.14",48.00,822.86,36.00,,"822,857.14",
MYSTICWEAPON_24,92,7:39:00,SWORD,368.00,NINJASTAR,276.00,100.00%,0,"3,000",MYSTICWEAPON,132,Axie,,8,0:18:00,5.23%,"1,154.51",48.00,865.88,36.00,,"865,882.35",
MYSTICWEAPON_25,100,8:00:00,SWORD,400.00,NINJASTAR,300.00,100.00%,0,"3,000",MYSTICWEAPON,150,Axie,,8,0:21:00,3.94%,"1,200.00",48.00,900.00,36.00,,"900,000.00",
,,,,,,,,,,,,,,,,,,,,,,,
FISHBONE_1,10,0:00:10,DYNOFISH,10.00,,,100.00%,0,0,DYNOFISH,1,Fishing,,0,0:00:00,0%,"86,400.00","115,200.00",,,,0.00,
FISHBONE_2,20,0:00:15,DYNOFISH,20.00,,,100.00%,0,0,FISHBONE,18,Fishing,,10,0:00:05,33.33%,"115,200.00","195,840.00",,,,0.00,
FISHBONE_3,42,0:00:30,DYNOFISH,42.00,,,100.00%,0,0,FISHBONE,34,Fishing,,22,0:00:15,5%,"120,960.00","230,400.00",,,,0.00,
FISHBONE_4,75,0:00:45,DYNOFISH,75.00,,,100.00%,0,0,FISHBONE,56,Fishing,,33,0:00:15,19.05%,"144,000.00","259,200.00",,,,0.00,
FISHBONE_5,115,0:01:00,DYNOFISH,115.00,,,100.00%,0,0,FISHBONE,86,Fishing,,40,0:00:15,15%,"165,600.00","312,000.00",,,,0.00,
FISHBONE_6,160,0:01:20,DYNOFISH,160.00,,,100.00%,0,0,BONESOUP,11,Fishing,,45,0:00:20,4.35%,"172,800.43","360,000.00",,,,0.00,
FISHBONE_7,206,0:01:40,DYNOFISH,206.00,,,100.00%,0,0,FUGU,4,Fishing,,46,0:00:20,3%,"177,984.71","360,000.00",,,,0.00,
FISHBONE_8,260,0:02:00,DYNOFISH,260.00,,,100.00%,0,0,BONESOUP,22,Fishing,,54,0:00:20,5.18%,"187,200.00","432,000.00",,,,0.00,
FISHBONE_9,342,0:02:30,DYNOFISH,342.00,,,100.00%,0,0,FUGU,7,Fishing,,82,0:00:30,5.23%,"196,992.00","432,000.00",,,,0.00,
FISHBONE_10,430,0:03:00,DYNOFISH,430.00,,,100.00%,0,0,BONESOUP,43,Fishing,,88,0:00:30,4.78%,"206,400.00","441,600.00",,,,0.00,
FISHBONE_11,560,0:03:45,DYNOFISH,560.00,,,100.00%,0,0,FUGU,14,Fishing,,130,0:00:45,4.19%,"215,040.00","486,000.00",,,,0.00,
FISHBONE_12,715,0:04:40,DYNOFISH,715.00,,,100.00%,0,0,RAWRVIOLI,7,Fishing,,155,0:00:55,2.6%,"220,628.60","504,000.00",,,,0.00,
FISHBONE_13,"1,025",0:06:30,DYNOFISH,"1,025.00",,,100.00%,0,0,SUSHI,4,Fishing,,310,0:01:50,2.92%,"227,076.92","504,000.00",,,,0.00,
FISHBONE_14,"1,425",0:09:00,DYNOFISH,"1,425.00",,,100.00%,0,0,RAWRVIOLI,11,Fishing,,400,0:02:30,0.41%,"228,000.00","537,600.00",,,,0.00,
FISHBONE_15,"1,900",0:11:45,DYNOFISH,"1,900.00",,,100.00%,0,0,SUSHI,6,Fishing,,475,0:02:45,2.13%,"232,851.06","560,000.00",,,,0.00,
FISHBONE_16,"2,400",0:14:30,DYNOFISH,"2,400.00",,,100.00%,0,0,RAWRVIOLI,17,Fishing,,500,0:02:45,2.36%,"238,344.83","560,000.00",,,,0.00,
FISHBONE_17,"3,000",0:18:00,DYNOFISH,"3,000.00",,,100.00%,0,0,SUSHI,11,Fishing,,600,0:03:30,0.69%,"240,000.00","564,000.00",,,,0.00,
FISHBONE_18,"3,750",0:22:00,DYNOFISH,"3,750.00",,,100.00%,0,0,DYNODESSERT,1,Fishing,,750,0:04:00,2.27%,"245,454.55","564,000.00",,,,0.00,
FISHBONE_19,"4,685",0:26:00,DYNOFISH,"4,685.00",,,100.00%,0,0,SASHIMI,2,Fishing,,935,0:04:00,5.71%,"259,476.92","606,857.14",,,,0.00,
FISHBONE_20,"5,765",0:31:00,DYNOFISH,"5,765.00",,,100.00%,0,0,DYNODESSERT,2,Fishing,,1080,0:05:00,3.21%,"267,793.55","606,857.14",,,,0.00,
FISHBONE_21,"7,050",0:36:45,DYNOFISH,"7,050.00",,,100.00%,0,0,SASHIMI,3,Fishing,,1285,0:05:45,3.16%,"276,244.90","700,800.00",,,,0.00,
FISHBONE_22,"8,590",0:42:45,DYNOFISH,"8,590.00",,,100.00%,0,0,DYNODESSERT,4,Fishing,,1540,0:06:00,4.74%,"289,347.37","738,000.00",,,,0.00,
FISHBONE_23,"10,425",0:49:30,DYNOFISH,"10,425.00",,,100.00%,0,0,SASHIMI,6,Fishing,,1835,0:06:45,4.81%,"303,272.73","788,571.43",,,,0.00,
FISHBONE_24,"12,614",0:57:00,DYNOFISH,"12,614.00",,,100.00%,0,0,DYNODESSERT,9,Fishing,,2189,0:07:30,5.08%,"318,669.47","842,727.27",,,,0.00,
FISHBONE_25,"15,226",1:05:00,DYNOFISH,"15,226.00",,,100.00%,0,0,SASHIMI,12,Fishing,,2612,0:08:00,5.85%,"337,314.46","915,652.17",,,,0.00,
FISHBONE_26,"22,011",1:30:00,DYNOFISH,"22,011.00",,,100.00%,0,0,LOBSTER,2,Fishing,,6785,0:25:00,4.41%,"352,176.00","915,652.17",,,,0.00,
FISHBONE_27,"30,199",1:55:00,DYNOFISH,"30,199.00",,,100.00%,0,0,LOBSTER,3,Fishing,,8188,0:25:00,7.37%,"378,144.00","1,080,000.00",,,,0.00,
FISHBONE_28,"38,084",2:18:00,DYNOFISH,"38,084.00",,,100.00%,0,0,LOBSTER,4,Fishing,,7885,0:23:00,5.09%,"397,398.26","1,194,146.34",,,,0.00,
FISHBONE_29,"47,086",2:40:00,DYNOFISH,"47,086.00",,,100.00%,0,0,LOBSTER,5,Fishing,,9002,0:22:00,6.64%,"423,774.00","1,339,534.88",,,,0.00,
FISHBONE_30,"57,634",3:02:00,DYNOFISH,"57,634.00",,,100.00%,0,0,LOBSTER,6,Fishing,,10548,0:22:00,7.61%,"456,005.27","1,339,534.88",,,,0.00,
FISHBONE_31,"64,725",3:22:00,DYNOFISH,"64,725.00",,,100.00%,0,0,LOBSTER,8,Fishing,,7091,0:20:00,1.18%,"461,405.94","1,533,913.04",,,,0.00,
FISHBONE_32,"71,919",3:42:00,DYNOFISH,"71,919.00",,,100.00%,0,0,LOBSTER,10,Fishing,,7194,0:20:00,1.1%,"466,501.62","1,560,000.00",,,,0.00,
FISHBONE_33,"78,878",4:01:00,DYNOFISH,"78,878.00",,,100.00%,0,0,LOBSTER,12,Fishing,,6959,0:19:00,1.03%,"471,304.23","1,584,000.00",,,,0.00,
FISHBONE_34,"85,728",4:20:00,DYNOFISH,"85,728.00",,,100.00%,0,0,LOBSTER,15,Fishing,,6850,0:19:00,0.74%,"474,801.23","1,624,000.00",,,,0.00,
FISHBONE_35,"92,995",4:38:00,DYNOFISH,"92,995.00",,,100.00%,0,0,LOBSTER,19,Fishing,,7267,0:18:00,1.45%,"481,700.72","1,669,002.00",,,,0.00,
FISHBONE_36,"100,444",4:55:00,DYNOFISH,"100,444.00",,,100.00%,0,0,LOBSTER,23,Fishing,,7449,0:17:00,1.79%,"490,302.92","1,686,000.00",,,,0.00,
FISHBONE_37,"108,550",5:12:00,DYNOFISH,"108,550.00",,,100.00%,0,0,LOBSTER,27,Fishing,,8106,0:17:00,2.18%,"501,000.00","1,721,003.48",,,,0.00,
FISHBONE_38,"117,527",5:29:00,DYNOFISH,"117,527.00",,,100.00%,0,0,LOBSTER,33,Fishing,,8977,0:17:00,2.68%,"514,403.89","1,780,001.54",,,,0.00,
FISHBONE_39,"127,243",5:45:00,DYNOFISH,"127,243.00",,,100.00%,0,0,LOBSTER,40,Fishing,,9716,0:16:00,3.25%,"531,101.22","1,823,000.73",,,,0.00,
FISHBONE_40,"138,000",6:00:00,DYNOFISH,"138,000.00",,,100.00%,0,0,LOBSTER,49,Fishing,,10757,0:15:00,3.93%,"552,000.00","1,871,002.76",,,,0.00,
,,,,,,,,,,,,,,,,,,,,,,,
BONESOUP_1,1,0:00:15,FISHBONE,12.00,,,100.00%,0,2,DYNOFISH,1,Fishing,,0,0:00:00,0%,"69,120.00","86,400.00",,,,"11,520.00",
BONESOUP_2,2,0:00:15,FISHBONE,24.00,,,100.00%,0,2,BONESOUP,3,Fishing,,1,0:00:00,100%,"138,240.00","144,000.00",,,,"23,040.00",
BONESOUP_3,3,0:00:20,FISHBONE,36.00,,,100.00%,0,2,BONESOUP,6,Fishing,,1,0:00:05,12.5%,"155,520.00","165,600.00",,,,"25,920.00",
BONESOUP_4,5,0:00:30,FISHBONE,60.00,,,100.00%,0,2,BONESOUP,9,Fishing,,2,0:00:10,11.11%,"172,800.00","172,800.43",,,,"28,800.00",
BONESOUP_5,8,0:00:45,FISHBONE,96.00,,,100.00%,0,2,BONESOUP,13,Fishing,,3,0:00:15,6.67%,"184,320.00","177,984.71",,,,"30,720.00",
BONESOUP_6,11,0:01:00,FISHBONE,132.00,,,100.00%,0,2,BONESOUP,19,Fishing,,3,0:00:15,3.13%,"190,080.00","187,200.00",,,,"31,680.00",
BONESOUP_7,17,0:01:30,FISHBONE,204.00,,,100.00%,0,2,FUGU,6,Fishing,,6,0:00:30,3.03%,"195,840.00","196,992.00",,,,"32,640.00",
BONESOUP_8,23,0:02:00,FISHBONE,276.00,,,100.00%,0,2,FUGU,9,Fishing,,6,0:00:30,1.47%,"198,720.00","206,400.00",,,,"33,120.00",
BONESOUP_9,30,0:02:30,FISHBONE,360.00,,,100.00%,0,2,FUGU,12,Fishing,,7,0:00:30,4.35%,"207,360.00","215,040.00",,,,"34,560.00",
BONESOUP_10,40,0:03:15,FISHBONE,480.00,,,100.00%,0,2,RAWRVIOLI,6,Fishing,,10,0:00:45,2.56%,"212,676.92","220,628.60",,,,"35,446.15",
BONESOUP_11,52,0:04:00,FISHBONE,624.00,,,100.00%,0,2,RAWRVIOLI,7,Fishing,,12,0:00:45,5.62%,"224,640.00","220,628.60",,,,"37,440.00",
BONESOUP_12,73,0:05:30,FISHBONE,876.00,,,100.00%,0,2,RAWRVIOLI,9,Fishing,,21,0:01:30,2.1%,"229,352.73","228,000.00",,,,"38,225.45",
BONESOUP_13,95,0:07:00,FISHBONE,"1,140.00",,,100.00%,0,2,RAWRVIOLI,11,Fishing,,22,0:01:30,2.25%,"234,514.29","228,000.00",,,,"39,085.71",
BONESOUP_14,125,0:09:00,FISHBONE,"1,500.00",,,100.00%,0,2,SUSHI,7,Fishing,,30,0:02:00,2.34%,"240,000.00","238,344.83",,,,"40,000.00",
BONESOUP_15,160,0:11:00,FISHBONE,"1,920.00",,,100.00%,0,2,SUSHI,9,Fishing,,35,0:02:00,4.73%,"251,345.45","240,000.00",,,,"41,890.91",
BONESOUP_16,205,0:14:00,FISHBONE,"2,460.00",,,100.00%,0,2,SUSHI,13,Fishing,,45,0:03:00,0.67%,"253,028.57","259,476.92",,,,"42,171.43",
BONESOUP_17,265,0:17:45,FISHBONE,"3,180.00",,,100.00%,0,2,SUSHI,17,Fishing,,60,0:03:45,1.96%,"257,983.10","259,476.92",,,,"42,997.18",
BONESOUP_18,340,0:22:15,FISHBONE,"4,080.00",,,100.00%,0,2,DYNODESSERT,2,Fishing,,75,0:04:30,2.35%,"264,053.93","259,476.92",,,,"44,008.99",
BONESOUP_19,425,0:27:30,FISHBONE,"5,100.00",,,100.00%,0,2,DYNODESSERT,3,Fishing,,85,0:05:15,1.14%,"267,054.55","276,244.90",,,,"44,509.09",
BONESOUP_20,545,0:35:00,FISHBONE,"6,540.00",,,100.00%,0,2,DYNODESSERT,4,Fishing,,120,0:07:30,0.76%,"269,074.29","289,347.37",,,,"44,845.71",
BONESOUP_21,690,0:42:30,FISHBONE,"8,280.00",,,100.00%,0,2,SASHIMI,5,Fishing,,145,0:07:30,4.26%,"280,545.88","303,272.73",,,,"46,757.65",
BONESOUP_22,885,0:52:20,FISHBONE,"10,620.00",,,100.00%,0,2,SASHIMI,9,Fishing,,195,0:09:50,4.16%,"292,219.11","318,669.47",,,,"48,703.19",
BONESOUP_23,"1,150",1:00:00,FISHBONE,"13,800.00",,,100.00%,0,2,SASHIMI,13,Fishing,,265,0:07:40,13.34%,"331,200.00","352,176.00",,,,"55,200.00",
BONESOUP_24,"1,475",1:15:00,FISHBONE,"17,700.00",,,100.00%,0,2,SASHIMI,17,Fishing,,325,0:15:00,2.61%,"339,840.00","378,144.00",,,,"56,640.00",
BONESOUP_25,"1,830",1:30:00,FISHBONE,"21,960.00",,,100.00%,0,2,LOBSTER,3,Fishing,,355,0:15:00,3.39%,"351,360.00","378,144.00",,,,"58,560.00",
BONESOUP_26,"2,450",2:00:00,FISHBONE,"29,312.05",,,100.30%,0,2,LOBSTER,4,Fishing,,620,0:30:00,0.41%,"351,744.54","397,398.26",,,,"58,800.00",
BONESOUP_27,"3,020",2:20:00,FISHBONE,"36,023.77",,,100.60%,0,2,LOBSTER,5,Fishing,,570,0:20:00,5.66%,"370,530.71","423,774.00",,,,"62,125.80",
BONESOUP_28,"3,850",2:45:00,FISHBONE,"45,765.34",,,100.95%,0,2,LOBSTER,6,Fishing,,830,0:25:00,8.17%,"399,406.56","456,005.27",,,,"67,200.00",
BONESOUP_29,"4,900",3:20:00,FISHBONE,"58,016.98",,,101.35%,0,2,LOBSTER,8,Fishing,,1050,0:35:00,5%,"417,722.30","461,405.94",,,,"70,560.01",
BONESOUP_30,"6,250",4:00:00,FISHBONE,"73,673.75",,,101.80%,0,2,LOBSTER,10,Fishing,,1350,0:40:00,6.29%,"442,042.50","466,501.62",,,,"75,000.00",
BONESOUP_31,"7,328",4:18:00,FISHBONE,"85,875.37",,,102.40%,0,2,LOBSTER,12,Fishing,,1078,0:18:00,9.07%,"479,304.37","471,304.23",,,,"81,800.93",
BONESOUP_32,"8,232",4:30:00,FISHBONE,"95,859.99",,,103.05%,0,2,LOBSTER,15,Fishing,,904,0:12:00,7.34%,"511,253.30","474,801.23",,,,"87,808.00",
BONESOUP_33,"9,320",4:48:00,FISHBONE,"107,693.53",,,103.85%,0,2,LOBSTER,18,Fishing,,1088,0:18:00,6.14%,"538,467.66","481,700.72",,,,"93,200.00",
BONESOUP_34,"10,209",5:00:00,FISHBONE,"116,952.26",,,104.75%,0,2,LOBSTER,22,Fishing,,889,0:12:00,5.16%,"561,370.86","490,302.92",,,,"98,006.40",
BONESOUP_35,"11,094",5:12:00,FISHBONE,"125,770.46",,,105.85%,0,2,LOBSTER,26,Fishing,,885,0:12:00,4.49%,"580,479.04","501,000.00",,,,"102,406.15",
BONESOUP_36,"11,993",5:24:00,FISHBONE,"134,313.20",,,107.15%,0,2,LOBSTER,31,Fishing,,899,0:12:00,4.1%,"596,947.58","514,403.89",,,,"106,604.44",
BONESOUP_37,"12,628",5:30:00,FISHBONE,"139,471.21",,,108.65%,0,2,LOBSTER,37,Fishing,,635,0:06:00,3.38%,"608,601.64","531,101.22",,,,"110,208.00",
BONESOUP_38,"13,514",5:42:00,FISHBONE,"146,891.77",,,110.40%,0,2,LOBSTER,44,Fishing,,886,0:12:00,3.26%,"618,491.68","552,000.00",,,,"113,802.11",
BONESOUP_39,"14,382",5:54:00,FISHBONE,"153,408.48",,,112.50%,0,2,LOBSTER,52,Fishing,,868,0:12:00,2.82%,"624,034.49","552,000.00",,,,"117,006.10",
BONESOUP_40,"15,000",6:00:00,FISHBONE,"156,522.00",,,115.00%,0,2,LOBSTER,62,Fishing,,618,0:06:00,2.56%,"626,088.00","552,000.00",,,,"120,000.00",
,,,,,,,,,,,,,,,,,,,,,,,
FUGU_1,1,0:00:40,FISHBONE,50.00,,,100.00%,0,10,DYNOFISH,1,Fishing,,0,0:00:00,0%,"108,001.08","86,400.00",,,,"21,600.22",
FUGU_2,2,0:01:00,FISHBONE,100.00,,,100.00%,0,10,FUGU,2,Fishing,,1,0:00:20,33.33%,"144,000.00","172,800.43",,,,"28,800.00",
FUGU_3,3,0:01:20,FISHBONE,150.00,,,100.00%,0,10,FUGU,4,Fishing,,1,0:00:20,12.53%,"162,040.51","177,984.71",,,,"32,408.10",
FUGU_4,4,0:01:45,FISHBONE,200.00,,,100.00%,0,10,FUGU,6,Fishing,,1,0:00:25,1.56%,"164,571.43","196,992.00",,,,"32,914.29",
FUGU_5,6,0:02:30,FISHBONE,300.00,,,100.00%,0,10,FUGU,8,Fishing,,2,0:00:45,5%,"172,800.00","206,400.00",,,,"34,560.00",
FUGU_6,8,0:03:15,FISHBONE,400.00,,,100.00%,0,10,FUGU,12,Fishing,,2,0:00:45,2.56%,"177,230.77","215,040.00",,,,"35,446.15",
FUGU_7,10,0:04:00,FISHBONE,500.00,,,100.00%,0,10,FUGU,16,Fishing,,2,0:00:45,1.56%,"180,000.00","220,628.60",,,,"36,000.00",
FUGU_8,13,0:05:00,FISHBONE,650.00,,,100.00%,0,10,RAWRVIOLI,7,Fishing,,3,0:01:00,4%,"187,200.00","220,628.60",,,,"37,440.00",
FUGU_9,17,0:06:20,FISHBONE,850.00,,,100.00%,0,10,RAWRVIOLI,10,Fishing,,4,0:01:20,3.24%,"193,263.16","228,000.00",,,,"38,652.63",
FUGU_10,22,0:08:00,FISHBONE,"1,100.00",,,100.00%,0,10,RAWRVIOLI,13,Fishing,,5,0:01:40,2.45%,"198,000.00","232,851.06",,,,"39,600.00",
FUGU_11,27,0:09:30,FISHBONE,"1,350.00",,,100.00%,0,10,RAWRVIOLI,17,Fishing,,5,0:01:30,3.35%,"204,631.58","238,344.83",,,,"40,926.32",
FUGU_12,35,0:12:00,FISHBONE,"1,750.00",,,100.00%,0,10,RAWRVIOLI,18,Fishing,,8,0:02:30,2.62%,"210,000.00","240,000.00",,,,"42,000.00",
FUGU_13,44,0:15:00,FISHBONE,"2,200.00",,,100.00%,0,10,SUSHI,10,Fishing,,9,0:03:00,0.57%,"211,200.00","240,000.00",,,,"42,240.00",
FUGU_14,54,0:17:30,FISHBONE,"2,700.00",,,100.00%,0,10,SUSHI,11,Fishing,,10,0:02:30,5.19%,"222,171.43","240,000.00",,,,"44,434.29",
FUGU_15,62,0:20:00,FISHBONE,"3,100.00",,,100.00%,0,10,SUSHI,13,Fishing,,8,0:02:30,0.46%,"223,200.00","259,476.92",,,,"44,640.00",
FUGU_16,86,0:26:00,FISHBONE,"4,300.00",,,100.00%,0,10,SUSHI,16,Fishing,,24,0:06:00,6.7%,"238,153.85","259,476.92",,,,"47,630.77",
FUGU_17,106,0:31:20,FISHBONE,"5,300.00",,,100.00%,0,10,DYNODESSERT,2,Fishing,,20,0:05:20,2.28%,"243,574.47","259,476.92",,,,"48,714.89",
FUGU_18,131,0:37:30,FISHBONE,"6,550.00",,,100.00%,0,10,DYNODESSERT,2,Fishing,,25,0:06:10,3.26%,"251,520.00","259,476.92",,,,"50,304.00",
FUGU_19,163,0:45:00,FISHBONE,"8,150.00",,,100.00%,0,10,DYNODESSERT,3,Fishing,,32,0:07:30,3.69%,"260,800.00","276,244.90",,,,"52,160.00",
FUGU_20,203,0:52:30,FISHBONE,"10,150.00",,,100.00%,0,10,DYNODESSERT,4,Fishing,,40,0:07:30,6.75%,"278,400.00","289,347.37",,,,"55,680.00",
FUGU_21,252,1:00:00,FISHBONE,"12,600.00",,,100.00%,0,10,SASHIMI,4,Fishing,,49,0:07:30,8.62%,"302,400.00","289,347.37",,,,"60,480.00",
FUGU_22,318,1:15:00,FISHBONE,"15,900.00",,,100.00%,0,10,SASHIMI,6,Fishing,,66,0:15:00,0.95%,"305,280.00","303,272.73",,,,"61,056.00",
FUGU_23,389,1:30:00,FISHBONE,"19,450.00",,,100.00%,0,10,SASHIMI,8,Fishing,,71,0:15:00,1.94%,"311,200.00","318,669.47",,,,"62,240.00",
FUGU_24,482,1:45:00,FISHBONE,"24,100.00",,,100.00%,0,10,LOBSTER,2,Fishing,,93,0:15:00,6.21%,"330,514.29","352,176.00",,,,"66,102.86",
FUGU_25,598,2:00:00,FISHBONE,"29,900.00",,,100.00%,0,10,LOBSTER,3,Fishing,,116,0:15:00,8.56%,"358,800.00","378,144.00",,,,"71,760.00",
FUGU_26,750,2:30:00,FISHBONE,"37,387.80",,,100.30%,0,10,LOBSTER,4,Fishing,,152,0:30:00,0.33%,"358,922.88","397,398.26",,,,"72,000.00",
FUGU_27,920,3:00:00,FISHBONE,"45,725.66",,,100.60%,0,10,LOBSTER,5,Fishing,,170,0:30:00,2.22%,"365,805.25","423,774.00",,,,"73,600.00",
FUGU_28,"1,140",3:30:00,FISHBONE,"56,463.63",,,100.95%,0,10,LOBSTER,6,Fishing,,220,0:30:00,6.21%,"387,179.18","456,005.27",,,,"78,171.43",
FUGU_29,"1,425",4:15:00,FISHBONE,"70,300.95",,,101.35%,0,10,LOBSTER,8,Fishing,,285,0:45:00,2.94%,"396,993.60","461,405.94",,,,"80,470.59",
FUGU_30,"1,698",5:00:00,FISHBONE,"83,398.80",,,101.80%,0,10,LOBSTER,10,Fishing,,273,0:45:00,1.28%,"400,314.23","466,501.62",,,,"81,504.00",
FUGU_31,"1,807",5:06:00,FISHBONE,"88,232.38",,,102.40%,0,10,LOBSTER,12,Fishing,,109,0:06:00,4.33%,"415,211.18","471,304.23",,,,"85,035.29",
FUGU_32,"1,955",5:18:00,FISHBONE,"94,856.80",,,103.05%,0,10,LOBSTER,15,Fishing,,148,0:12:00,4.11%,"429,540.21","474,801.23",,,,"88,528.30",
FUGU_33,"2,070",5:24:00,FISHBONE,"99,663.05",,,103.85%,0,10,LOBSTER,18,Fishing,,115,0:06:00,3.92%,"442,946.88","481,700.72",,,,"92,000.00",
FUGU_34,"2,183",5:30:00,FISHBONE,"104,200.48",,,104.75%,0,10,LOBSTER,22,Fishing,,113,0:06:00,3.54%,"454,693.02","490,302.92",,,,"95,258.18",
FUGU_35,"2,299",5:36:00,FISHBONE,"108,597.17",,,105.85%,0,10,LOBSTER,26,Fishing,,116,0:06:00,3.43%,"465,416.46","501,000.00",,,,"98,528.57",
FUGU_36,"2,417",5:42:00,FISHBONE,"112,785.92",,,107.15%,0,10,LOBSTER,31,Fishing,,118,0:06:00,3.29%,"474,888.09","514,403.89",,,,"101,768.42",
FUGU_37,"2,532",5:48:00,FISHBONE,"116,520.87",,,108.65%,0,10,LOBSTER,37,Fishing,,115,0:06:00,2.95%,"482,155.31","531,101.22",,,,"104,772.41",
FUGU_38,"2,610",5:48:00,FISHBONE,"118,206.64",,,110.40%,0,10,LOBSTER,44,Fishing,,78,0:00:00,3.08%,"489,130.92","552,000.00",,,,"108,000.00",
FUGU_39,"2,729",5:54:00,FISHBONE,"121,288.77",,,112.50%,0,10,LOBSTER,52,Fishing,,119,0:06:00,2.79%,"493,378.04","552,000.00",,,,"111,010.17",
FUGU_40,"2,850",6:00:00,FISHBONE,"123,913.16",,,115.00%,0,10,LOBSTER,62,Fishing,,121,0:06:00,2.69%,"495,652.62","552,000.00",,,,"114,000.00",
,,,,,,,,,,,,,,,,,,,,,,,
RAWRVIOLI_1,1,0:03:00,BONESOUP,12.00,,,100.00%,0,24,DYNOFISH,1,Fishing,,0,0:00:00,0%,"5,760.00","5,760.00",,,,"11,520.00",
RAWRVIOLI_2,2,0:03:00,BONESOUP,24.00,,,100.00%,0,24,RAWRVIOLI,2,Fishing,,1,0:00:00,100%,"11,520.00","16,320.00",,,,"23,040.00",
RAWRVIOLI_3,3,0:03:30,BONESOUP,36.00,,,100.00%,0,24,RAWRVIOLI,6,Fishing,,1,0:00:30,28.57%,"14,811.43","17,723.08",,,,"29,622.86",
RAWRVIOLI_4,4,0:04:15,BONESOUP,48.00,,,100.00%,0,24,RAWRVIOLI,10,Fishing,,1,0:00:45,9.8%,"16,263.53","19,542.86",,,,"32,527.06",
RAWRVIOLI_5,5,0:05:00,BONESOUP,60.00,,,100.00%,0,24,RAWRVIOLI,16,Fishing,,1,0:00:45,6.25%,"17,280.00","20,945.45",,,,"34,560.00",
RAWRVIOLI_6,8,0:07:30,BONESOUP,96.00,,,100.00%,0,24,RAWRVIOLI,23,Fishing,,3,0:02:30,6.67%,"18,432.00","21,085.71",,,,"36,864.00",
RAWRVIOLI_7,12,0:10:00,BONESOUP,144.00,,,100.00%,0,24,SUSHI,16,Fishing,,4,0:02:30,12.5%,"20,736.00","21,498.59",,,,"41,472.00",
RAWRVIOLI_8,20,0:15:00,BONESOUP,240.00,,,100.00%,0,24,SUSHI,22,Fishing,,8,0:05:00,11.11%,"23,040.00","22,004.49",,,,"46,080.00",
RAWRVIOLI_9,30,0:20:00,BONESOUP,360.00,,,100.00%,0,24,SUSHI,31,Fishing,,10,0:05:00,12.5%,"25,920.00","22,254.55",,,,"51,840.00",
RAWRVIOLI_10,48,0:30:00,BONESOUP,576.00,,,100.00%,0,24,SUSHI,43,Fishing,,18,0:10:00,6.67%,"27,648.00","22,422.86",,,,"55,296.00",
RAWRVIOLI_11,74,0:45:00,BONESOUP,888.00,,,100.00%,0,24,DYNODESSERT,5,Fishing,,26,0:15:00,2.78%,"28,416.00","23,378.82",,,,"56,832.00",
RAWRVIOLI_12,103,1:00:00,BONESOUP,"1,236.00",,,100.00%,0,24,DYNODESSERT,7,Fishing,,29,0:15:00,4.39%,"29,664.00","24,351.59",,,,"59,328.00",
RAWRVIOLI_13,137,1:15:00,BONESOUP,"1,644.00",,,100.00%,0,24,DYNODESSERT,9,Fishing,,34,0:15:00,6.41%,"31,564.80","24,351.59",,,,"63,129.60",
RAWRVIOLI_14,177,1:30:00,BONESOUP,"2,124.00",,,100.00%,0,24,DYNODESSERT,12,Fishing,,40,0:15:00,7.66%,"33,984.00","27,600.00",,,,"67,968.00",
RAWRVIOLI_15,227,1:48:00,BONESOUP,"2,724.00",,,100.00%,0,24,SASHIMI,15,Fishing,,50,0:18:00,6.87%,"36,320.00","28,320.00",,,,"72,640.00",
RAWRVIOLI_16,280,2:03:00,BONESOUP,"3,360.00",,,100.00%,0,24,SASHIMI,20,Fishing,,53,0:15:00,8.31%,"39,336.59","29,280.00",,,,"78,673.17",
RAWRVIOLI_17,331,2:15:00,BONESOUP,"3,972.00",,,100.00%,0,24,SASHIMI,26,Fishing,,51,0:12:00,7.71%,"42,368.00","29,400.00",,,,"84,736.00",
RAWRVIOLI_18,396,2:30:00,BONESOUP,"4,752.00",,,100.00%,0,24,SASHIMI,30,Fishing,,65,0:15:00,7.67%,"45,619.20","31,062.90",,,,"91,238.40",
RAWRVIOLI_19,470,2:45:00,BONESOUP,"5,640.00",,,100.00%,0,24,SASHIMI,36,Fishing,,74,0:15:00,7.9%,"49,221.82","33,600.00",,,,"98,443.64",
RAWRVIOLI_20,554,3:00:00,BONESOUP,"6,648.00",,,100.00%,0,24,LOBSTER,7,Fishing,,84,0:15:00,8.05%,"53,184.00","35,280.00",,,,"106,368.00",
RAWRVIOLI_21,627,3:12:00,BONESOUP,"7,512.71",,,100.15%,0,24,LOBSTER,9,Fishing,,73,0:12:00,6.1%,"56,345.36","37,500.00",,,,"112,860.00",
RAWRVIOLI_22,716,3:27:00,BONESOUP,"8,566.30",,,100.30%,0,24,LOBSTER,10,Fishing,,89,0:15:00,5.92%,"59,591.62","37,500.00",,,,"119,540.87",
RAWRVIOLI_23,799,3:39:00,BONESOUP,"9,545.01",,,100.45%,0,24,LOBSTER,12,Fishing,,83,0:12:00,5.48%,"62,761.73","40,900.47",,,,"126,088.77",
RAWRVIOLI_24,883,3:51:00,BONESOUP,"10,527.57",,,100.65%,0,24,LOBSTER,14,Fishing,,84,0:12:00,4.77%,"65,626.39","43,904.00",,,,"132,105.97",
RAWRVIOLI_25,971,4:03:00,BONESOUP,"11,548.10",,,100.90%,0,24,LOBSTER,17,Fishing,,88,0:12:00,4.54%,"68,433.20","46,600.00",,,,"138,097.78",
RAWRVIOLI_26,"1,075",4:18:00,BONESOUP,"12,747.03",,,101.20%,0,24,LOBSTER,20,Fishing,,104,0:15:00,4.27%,"71,146.20","49,003.20",,,,"144,000.00",
RAWRVIOLI_27,"1,172",4:30:00,BONESOUP,"13,849.29",,,101.55%,0,24,LOBSTER,23,Fishing,,97,0:12:00,4.18%,"73,862.88","49,003.20",,,,"150,016.00",
RAWRVIOLI_28,"1,269",4:42:00,BONESOUP,"14,944.12",,,101.90%,0,24,LOBSTER,27,Fishing,,97,0:12:00,3.67%,"76,310.42","51,203.08",,,,"155,520.00",
RAWRVIOLI_29,"1,368",4:54:00,BONESOUP,"16,031.32",,,102.40%,0,24,LOBSTER,32,Fishing,,99,0:12:00,3.4%,"78,520.74","53,302.22",,,,"160,809.80",
RAWRVIOLI_30,"1,458",5:03:00,BONESOUP,"17,002.90",,,102.90%,0,24,LOBSTER,37,Fishing,,90,0:09:00,3.41%,"80,805.88","55,104.00",,,,"166,298.61",
RAWRVIOLI_31,"1,565",5:15:00,BONESOUP,"18,136.16",,,103.55%,0,24,LOBSTER,43,Fishing,,107,0:12:00,3.25%,"82,908.16","56,901.05",,,,"171,702.86",
RAWRVIOLI_32,"1,675",5:27:00,BONESOUP,"19,271.38",,,104.30%,0,24,LOBSTER,50,Fishing,,110,0:12:00,3.1%,"84,864.78","58,503.05",,,,"177,027.52",
RAWRVIOLI_33,"1,784",5:39:00,BONESOUP,"20,349.73",,,105.20%,0,24,LOBSTER,58,Fishing,,109,0:12:00,2.74%,"86,441.34","60,000.00",,,,"181,873.27",
RAWRVIOLI_34,"1,885",5:48:00,BONESOUP,"21,289.38",,,106.25%,0,24,LOBSTER,67,Fishing,,101,0:09:00,2.93%,"88,093.98","60,000.00",,,,"187,200.00",
RAWRVIOLI_35,"2,000",6:00:00,BONESOUP,"22,325.60",,,107.50%,0,24,LOBSTER,78,Fishing,,115,0:12:00,2.56%,"89,302.40","60,000.00",,,,"192,000.00",
,,,,,,,,,,,,,,,,,,,,,,,
SUSHI_1,1,0:07:30,FUGU,6.00,,,100.00%,0,75,DYNOFISH,1,Fishing,,0,0:00:00,0%,"1,152.00","2,160.02",,,,"14,400.00",
SUSHI_2,2,0:07:30,FUGU,12.00,,,100.00%,0,75,SUSHI,2,Fishing,,1,0:00:00,100%,"2,304.00","3,544.62",,,,"28,800.00",
SUSHI_3,3,0:08:15,FUGU,18.00,,,100.00%,0,75,SUSHI,6,Fishing,,1,0:00:45,36.36%,"3,141.82","3,960.00",,,,"39,272.73",
SUSHI_4,4,0:09:00,FUGU,24.00,,,100.00%,0,75,SUSHI,8,Fishing,,1,0:00:45,22.22%,"3,840.00","4,092.63",,,,"48,000.00",
SUSHI_5,5,0:10:00,FUGU,30.00,,,100.00%,0,75,SUSHI,11,Fishing,,1,0:01:00,12.5%,"4,320.00","4,443.43",,,,"54,000.00",
SUSHI_6,6,0:11:30,FUGU,36.00,,,100.00%,0,75,SUSHI,14,Fishing,,1,0:01:30,4.35%,"4,507.83","4,763.08",,,,"56,347.83",
SUSHI_7,8,0:14:30,FUGU,48.00,,,100.00%,0,75,SUSHI,19,Fishing,,2,0:03:00,5.75%,"4,766.90","4,871.49",,,,"59,586.21",
SUSHI_8,11,0:19:40,FUGU,66.00,,,100.00%,0,75,DYNODESSERT,2,Fishing,,3,0:05:10,1.38%,"4,832.56","4,871.49",,,,"60,406.98",
SUSHI_9,15,0:25:00,FUGU,90.00,,,100.00%,0,75,DYNODESSERT,3,Fishing,,4,0:05:20,7.27%,"5,184.00","5,216.00",,,,"64,800.00",
SUSHI_10,21,0:33:00,FUGU,126.00,,,100.00%,0,75,DYNODESSERT,4,Fishing,,6,0:08:00,6.06%,"5,498.18","5,568.00",,,,"68,727.27",
SUSHI_11,29,0:43:00,FUGU,174.00,,,100.00%,0,75,DYNODESSERT,5,Fishing,,8,0:10:00,5.98%,"5,826.98","6,105.60",,,,"72,837.21",
SUSHI_12,39,0:55:00,FUGU,234.00,,,100.00%,0,75,DYNODESSERT,7,Fishing,,10,0:12:00,5.14%,"6,126.55","6,224.00",,,,"76,581.82",
SUSHI_13,51,1:08:00,FUGU,306.00,,,100.00%,0,75,DYNODESSERT,9,Fishing,,12,0:13:00,5.77%,"6,480.00","6,610.29",,,,"81,000.00",
SUSHI_14,64,1:20:00,FUGU,384.00,,,100.00%,0,75,SASHIMI,12,Fishing,,13,0:12:00,6.67%,"6,912.00","6,610.29",,,,"86,400.00",
SUSHI_15,77,1:30:00,FUGU,462.00,,,100.00%,0,75,SASHIMI,16,Fishing,,13,0:10:00,6.94%,"7,392.00","7,176.00",,,,"92,400.00",
SUSHI_16,97,1:45:00,FUGU,582.00,,,100.00%,0,75,SASHIMI,21,Fishing,,20,0:15:00,7.98%,"7,981.71","7,176.00",,,,"99,771.43",
SUSHI_17,123,2:00:00,FUGU,738.00,,,100.00%,0,75,SASHIMI,29,Fishing,,26,0:15:00,10.95%,"8,856.00","7,360.00",,,,"110,700.00",
SUSHI_18,159,2:18:00,FUGU,954.00,,,100.00%,0,75,SASHIMI,33,Fishing,,36,0:18:00,12.41%,"9,954.78","7,360.00",,,,"124,434.78",
SUSHI_19,202,2:33:00,FUGU,"1,212.00",,,100.00%,0,75,SASHIMI,37,Fishing,,43,0:15:00,14.59%,"11,407.06","7,817.14",,,,"142,588.24",
SUSHI_20,231,2:48:00,FUGU,"1,386.00",,,100.00%,0,75,LOBSTER,7,Fishing,,29,0:15:00,4.15%,"11,880.00","8,047.06",,,,"148,500.00",
SUSHI_21,262,3:03:00,FUGU,"1,569.64",,,100.15%,0,75,LOBSTER,9,Fishing,,31,0:15:00,4.12%,"12,351.28","8,150.40",,,,"154,622.95",
SUSHI_22,294,3:18:00,FUGU,"1,758.74",,,100.30%,0,75,LOBSTER,10,Fishing,,32,0:15:00,3.71%,"12,790.82","8,150.40",,,,"160,363.64",
SUSHI_23,327,3:33:00,FUGU,"1,953.20",,,100.45%,0,75,LOBSTER,12,Fishing,,33,0:15:00,3.39%,"13,204.76","8,503.53",,,,"165,802.82",
SUSHI_24,361,3:48:00,FUGU,"2,152.03",,,100.65%,0,75,LOBSTER,14,Fishing,,34,0:15:00,3.13%,"13,591.76","8,852.83",,,,"171,000.00",
SUSHI_25,396,4:03:00,FUGU,"2,354.81",,,100.90%,0,75,LOBSTER,17,Fishing,,35,0:15:00,2.92%,"13,954.45","9,200.00",,,,"176,000.00",
SUSHI_26,433,4:18:00,FUGU,"2,567.21",,,101.20%,0,75,LOBSTER,20,Fishing,,37,0:15:00,2.99%,"14,328.63","9,525.82",,,,"181,255.81",
SUSHI_27,471,4:33:00,FUGU,"2,782.86",,,101.55%,0,75,LOBSTER,23,Fishing,,38,0:15:00,2.8%,"14,678.80","9,525.82",,,,"186,329.67",
SUSHI_28,509,4:48:00,FUGU,"2,997.04",,,101.90%,0,75,LOBSTER,27,Fishing,,38,0:15:00,2.44%,"14,985.21","9,852.86",,,,"190,875.00",
SUSHI_29,550,5:03:00,FUGU,"3,222.67",,,102.40%,0,75,LOBSTER,32,Fishing,,41,0:15:00,2.71%,"15,315.66","10,176.84",,,,"196,039.60",
SUSHI_30,590,5:18:00,FUGU,"3,440.23",,,102.90%,0,75,LOBSTER,37,Fishing,,40,0:15:00,2.21%,"15,578.40","10,477.24",,,,"200,377.36",
SUSHI_31,632,5:33:00,FUGU,"3,662.00",,,103.55%,0,75,LOBSTER,43,Fishing,,42,0:15:00,2.29%,"15,835.67","10,800.00",,,,"204,972.97",
SUSHI_32,674,5:48:00,FUGU,"3,877.25",,,104.30%,0,75,LOBSTER,50,Fishing,,42,0:15:00,2.05%,"16,043.80","11,101.02",,,,"209,172.41",
SUSHI_33,712,6:00:00,FUGU,"4,060.82",,,105.20%,0,75,LOBSTER,58,Fishing,,38,0:12:00,2.12%,"16,243.28","11,400.00",,,,"213,600.00",
SUSHI_34,756,6:15:00,FUGU,"4,269.21",,,106.25%,0,75,LOBSTER,67,Fishing,,44,0:15:00,1.93%,"16,393.76","11,400.00",,,,"217,728.00",
SUSHI_35,801,6:30:00,FUGU,"4,470.70",,,107.50%,0,75,LOBSTER,78,Fishing,,45,0:15:00,1.88%,"16,507.21","11,400.00",,,,"221,815.38",
,,,,,,,,,,,,,,,,,,,,,,,
DYNODESSERT_1,1,0:30:00,FUGU,26.00,RAWRVIOLI,16.00,100.00%,0,650,DYNOFISH,1,Fishing,,0,0:00:00,0%,"1,248.00","2,160.02",768.00,480.00,,"31,200.00",
DYNODESSERT_2,2,0:37:12,FUGU,52.00,RAWRVIOLI,32.00,100.00%,0,650,DYNODESSERT,2,Fishing,,1,0:07:12,61.29%,"2,012.90","4,871.49","1,238.71","2,160.00",,"50,322.58",
DYNODESSERT_3,3,0:43:48,FUGU,78.00,RAWRVIOLI,48.00,100.00%,0,650,DYNODESSERT,3,Fishing,,1,0:06:36,27.4%,"2,564.38","5,216.00","1,578.08","2,304.00",,"64,109.59",
DYNODESSERT_4,4,0:51:00,FUGU,104.00,RAWRVIOLI,64.00,100.00%,0,650,DYNODESSERT,5,Fishing,,1,0:07:12,14.51%,"2,936.47","6,105.60","1,807.06","2,368.00",,"73,411.76",
DYNODESSERT_5,5,0:58:48,FUGU,130.00,RAWRVIOLI,80.00,100.00%,0,650,DYNODESSERT,7,Fishing,,1,0:07:48,8.42%,"3,183.67","6,224.00","1,959.18","2,472.00",,"79,591.84",
DYNODESSERT_6,6,1:07:48,FUGU,156.00,RAWRVIOLI,96.00,100.00%,0,650,DYNODESSERT,10,Fishing,,1,0:09:00,4.07%,"3,313.27","6,610.29","2,038.94","2,832.00",,"82,831.86",
DYNODESSERT_7,7,1:16:48,FUGU,182.00,RAWRVIOLI,112.00,100.00%,0,650,SASHIMI,13,Fishing,,1,0:09:00,2.99%,"3,412.50","6,610.29","2,100.00","3,026.67",,"85,312.50",
DYNODESSERT_8,9,1:27:00,FUGU,234.00,RAWRVIOLI,144.00,100.00%,0,650,SASHIMI,22,Fishing,,2,0:10:12,13.5%,"3,873.10","7,200.00","2,383.45","3,530.67",,"96,827.59",
DYNODESSERT_9,11,1:37:48,FUGU,286.00,RAWRVIOLI,176.00,100.00%,0,650,SASHIMI,34,Fishing,,2,0:10:48,8.73%,"4,211.04","7,360.00","2,591.41","4,101.82",,"105,276.07",
DYNODESSERT_10,14,1:49:12,FUGU,364.00,RAWRVIOLI,224.00,100.00%,0,650,LOBSTER,7,Fishing,,3,0:11:24,13.99%,"4,800.00","8,047.06","2,953.85","4,432.00",,"120,000.00",
DYNODESSERT_11,17,2:01:48,FUGU,442.00,RAWRVIOLI,272.00,100.00%,0,650,LOBSTER,9,Fishing,,3,0:12:36,8.87%,"5,225.62","8,150.40","3,215.76","4,702.50",,"130,640.39",
DYNODESSERT_12,20,2:15:00,FUGU,520.00,RAWRVIOLI,320.00,100.00%,0,650,LOBSTER,10,Fishing,,3,0:13:12,6.14%,"5,546.67","8,150.40","3,413.33","4,980.87",,"138,666.67",
DYNODESSERT_13,24,2:28:48,FUGU,624.00,RAWRVIOLI,384.00,100.00%,0,650,LOBSTER,13,Fishing,,4,0:13:48,8.87%,"6,038.71","8,852.83","3,716.13","5,504.42",,"150,967.74",
DYNODESSERT_14,29,2:43:48,FUGU,754.00,RAWRVIOLI,464.00,100.00%,0,650,LOBSTER,15,Fishing,,5,0:15:00,9.77%,"6,628.57","8,852.83","4,079.12","5,754.07",,"165,714.29",
DYNODESSERT_15,35,3:00:00,FUGU,910.00,RAWRVIOLI,560.00,100.00%,0,650,LOBSTER,17,Fishing,,6,0:16:12,9.83%,"7,280.00","9,200.00","4,480.00","5,754.07",,"182,000.00",
DYNODESSERT_16,42,3:16:48,FUGU,"1,090.37",RAWRVIOLI,670.99,100.15%,0,650,LOBSTER,20,Fishing,,7,0:16:48,9.76%,"7,978.29","9,525.82","4,909.70","6,000.00",,"199,756.10",
DYNODESSERT_17,50,3:36:00,FUGU,"1,296.11",RAWRVIOLI,797.61,100.30%,0,650,LOBSTER,23,Fishing,,8,0:19:12,8.47%,"8,640.73","9,525.82","5,317.37","6,250.67",,"216,666.67",
DYNODESSERT_18,60,3:55:48,FUGU,"1,551.47",RAWRVIOLI,954.75,100.55%,0,650,LOBSTER,27,Fishing,,10,0:19:48,9.92%,"9,474.61","9,852.86","5,830.53","6,480.00",,"238,167.94",
DYNODESSERT_19,72,4:16:48,FUGU,"1,855.30",RAWRVIOLI,"1,141.73",100.90%,0,650,LOBSTER,31,Fishing,,12,0:21:00,10.19%,"10,403.57","10,176.84","6,402.20","6,700.41",,"262,429.91",
DYNODESSERT_20,85,4:40:12,FUGU,"2,180.56",RAWRVIOLI,"1,341.89",101.35%,0,650,LOBSTER,37,Fishing,,13,0:23:24,8.2%,"11,206.33","10,477.24","6,896.20","6,929.11",,"283,940.04",
DYNODESSERT_21,99,5:04:12,FUGU,"2,524.77",RAWRVIOLI,"1,553.71",101.95%,0,650,LOBSTER,45,Fishing,,14,0:24:00,7.28%,"11,951.56","10,800.00","7,354.82","7,154.29",,"304,615.38",
DYNODESSERT_22,113,5:30:00,FUGU,"2,859.36",RAWRVIOLI,"1,759.61",102.75%,0,650,LOBSTER,54,Fishing,,14,0:25:48,5.22%,"12,477.22","11,101.02","7,678.31","7,578.05",,"320,509.09",
DYNODESSERT_23,128,5:58:12,FUGU,"3,204.62",RAWRVIOLI,"1,972.07",103.85%,0,650,LOBSTER,65,Fishing,,15,0:28:12,4.36%,"12,882.90","11,400.00","7,927.92","7,800.00",,"334,472.36",
DYNODESSERT_24,144,6:28:12,FUGU,"3,552.18",RAWRVIOLI,"2,185.96",105.40%,0,650,LOBSTER,79,Fishing,,16,0:30:00,3.81%,"13,176.55","11,400.00","8,108.67","8,000.00",,"347,202.47",
DYNODESSERT_25,161,7:00:00,FUGU,"3,893.95",RAWRVIOLI,"2,396.28",107.50%,0,650,LOBSTER,97,Fishing,,17,0:31:48,3.34%,"13,350.67","11,400.00","8,215.80","8,000.00",,"358,800.00",
,,,,,,,,,,,,,,,,,,,,,,,
SASHIMI_1,1,0:40:00,BONESOUP,115.00,SUSHI,8.00,100.00%,0,"1,000",DYNOFISH,1,Fishing,,0,0:00:00,0%,"4,140.00","5,760.00",288.00,192.00,,"36,000.00",
SASHIMI_2,2,1:00:00,BONESOUP,230.00,SUSHI,16.00,100.00%,0,"1,000",SASHIMI,2,Fishing,,1,0:20:00,33.33%,"5,520.00","22,004.49",384.00,805.43,,"48,000.00",
SASHIMI_3,3,1:20:00,BONESOUP,345.00,SUSHI,24.00,100.00%,0,"1,000",SASHIMI,3,Fishing,,1,0:20:00,12.5%,"6,210.00","22,254.55",432.00,864.00,,"54,000.00",
SASHIMI_4,4,1:40:00,BONESOUP,460.00,SUSHI,32.00,100.00%,0,"1,000",SASHIMI,5,Fishing,,1,0:20:00,6.67%,"6,624.00","23,378.82",460.80,971.16,,"57,600.02",
SASHIMI_5,5,1:51:00,BONESOUP,575.00,SUSHI,40.00,100.00%,0,"1,000",SASHIMI,8,Fishing,,1,0:11:00,12.61%,"7,459.46","24,351.59",518.92,"1,080.00",,"64,864.86",
SASHIMI_6,6,2:00:00,BONESOUP,690.00,SUSHI,48.00,100.00%,0,"1,000",SASHIMI,11,Fishing,,1,0:09:00,11%,"8,280.00","27,600.00",576.00,"1,152.00",,"72,000.00",
SASHIMI_7,8,2:20:00,BONESOUP,920.00,SUSHI,64.00,100.00%,0,"1,000",SASHIMI,15,Fishing,,2,0:20:00,14.29%,"9,462.86","28,320.00",658.29,"1,232.00",,"82,285.71",
SASHIMI_8,10,2:40:00,BONESOUP,"1,150.00",SUSHI,80.00,100.00%,0,"1,000",SASHIMI,24,Fishing,,2,0:20:00,9.38%,"10,350.00","29,400.00",720.00,"1,476.00",,"90,000.00",
SASHIMI_9,12,3:00:00,BONESOUP,"1,380.00",SUSHI,96.00,100.00%,0,"1,000",SASHIMI,36,Fishing,,2,0:20:00,6.67%,"11,040.00","33,600.00",768.00,"1,901.18",,"96,000.00",
SASHIMI_10,15,3:30:00,BONESOUP,"1,725.00",SUSHI,120.00,100.00%,0,"1,000",LOBSTER,7,Fishing,,3,0:30:00,7.14%,"11,828.57","35,280.00",822.86,"1,980.00",,"102,857.14",
SASHIMI_11,19,4:00:00,BONESOUP,"2,185.00",SUSHI,152.00,100.00%,0,"1,000",LOBSTER,9,Fishing,,4,0:30:00,10.83%,"13,110.00","37,500.00",912.00,"2,061.64",,"114,000.00",
SASHIMI_12,24,4:30:00,BONESOUP,"2,760.00",SUSHI,192.00,100.00%,0,"1,000",LOBSTER,11,Fishing,,5,0:30:00,12.28%,"14,720.00","40,900.47","1,024.00","2,210.70",,"128,000.00",
SASHIMI_13,27,4:39:00,BONESOUP,"3,105.00",SUSHI,216.00,100.00%,0,"1,000",LOBSTER,13,Fishing,,3,0:09:00,8.87%,"16,025.81","43,904.00","1,114.84","2,280.00",,"139,354.84",
SASHIMI_14,32,4:45:00,BONESOUP,"3,680.00",SUSHI,256.00,100.00%,0,"1,000",LOBSTER,16,Fishing,,5,0:06:00,16.02%,"18,593.68","46,600.00","1,293.47","2,346.67",,"161,684.21",
SASHIMI_15,38,4:54:00,BONESOUP,"4,370.00",SUSHI,304.00,100.00%,0,"1,000",LOBSTER,18,Fishing,,6,0:09:00,15.11%,"21,404.08","46,600.00","1,488.98","2,416.74",,"186,122.45",
SASHIMI_16,44,5:06:00,BONESOUP,"5,052.42",SUSHI,351.47,100.15%,0,"1,000",LOBSTER,21,Fishing,,6,0:12:00,11.25%,"23,776.11","49,003.20","1,653.99","2,416.74",,"207,058.82",
SASHIMI_17,51,5:15:00,BONESOUP,"5,847.46",SUSHI,406.78,100.30%,0,"1,000",LOBSTER,24,Fishing,,7,0:09:00,12.6%,"26,731.23","51,203.08","1,859.57","2,484.40",,"233,142.86",
SASHIMI_18,58,5:27:00,BONESOUP,"6,633.52",SUSHI,461.46,100.55%,0,"1,000",LOBSTER,27,Fishing,,7,0:12:00,9.55%,"29,211.82","51,203.08","2,032.12","2,545.00",,"255,412.84",
SASHIMI_19,65,5:36:00,BONESOUP,"7,408.32",SUSHI,515.36,100.90%,0,"1,000",LOBSTER,32,Fishing,,7,0:09:00,9.07%,"31,749.96","53,302.22","2,208.68","2,613.86",,"278,571.43",
SASHIMI_20,72,5:48:00,BONESOUP,"8,169.71",SUSHI,568.32,101.35%,0,"1,000",LOBSTER,38,Fishing,,7,0:12:00,6.95%,"33,805.70","55,104.00","2,351.69","2,671.70",,"297,931.03",
SASHIMI_21,80,6:00:00,BONESOUP,"9,024.03",SUSHI,627.76,101.95%,0,"1,000",LOBSTER,45,Fishing,,8,0:12:00,7.41%,"36,096.13","56,901.05","2,511.04","2,732.97",,"320,000.00",
SASHIMI_22,88,6:15:00,BONESOUP,"9,849.14",SUSHI,685.16,102.75%,0,"1,000",LOBSTER,54,Fishing,,8,0:15:00,5.6%,"37,820.72","58,503.05","2,631.01","2,848.00",,"337,920.00",
SASHIMI_23,97,6:30:00,BONESOUP,"10,741.45",SUSHI,747.23,103.85%,0,"1,000",LOBSTER,65,Fishing,,9,0:15:00,5.99%,"39,660.74","60,000.00","2,759.00","2,903.04",,"358,153.85",
SASHIMI_24,106,6:45:00,BONESOUP,"11,565.47",SUSHI,804.55,105.40%,0,"1,000",LOBSTER,79,Fishing,,9,0:15:00,5.23%,"41,121.67","60,000.00","2,860.62","2,957.54",,"376,888.89",
SASHIMI_25,116,7:00:00,BONESOUP,"12,409.30",SUSHI,863.26,107.50%,0,"1,000",LOBSTER,97,Fishing,,10,0:15:00,5.53%,"42,546.16","60,000.00","2,959.75","2,957.54",,"397,714.29",
,,,,,,,,,,,,,,,,,,,,,,,
LOBSTER_1,1,1:30:00,DYNODESSERT,4.00,SASHIMI,3.00,100.00%,0,"3,000",DYNOFISH,1,Fishing,,0,0:00:00,0%,64.00,48.00,48.00,36.00,,"48,000.00",
LOBSTER_2,2,2:00:00,DYNODESSERT,8.00,SASHIMI,6.00,100.00%,0,"3,000",LOBSTER,2,Fishing,,1,0:30:00,50%,96.00,131.25,72.00,82.29,,"72,000.00",
LOBSTER_3,3,2:30:00,DYNODESSERT,12.00,SASHIMI,9.00,100.00%,0,"3,000",LOBSTER,3,Fishing,,1,0:30:00,20%,115.20,148.97,86.40,90.00,,"86,400.00",
LOBSTER_4,4,3:00:00,DYNODESSERT,16.00,SASHIMI,12.00,100.00%,0,"3,000",LOBSTER,4,Fishing,,1,0:30:00,11.11%,128.00,161.96,96.00,96.00,,"96,000.00",
LOBSTER_5,5,3:30:00,DYNODESSERT,20.00,SASHIMI,15.00,100.00%,0,"3,000",LOBSTER,5,Fishing,,1,0:30:00,7.14%,137.14,161.96,102.86,96.00,,"102,857.14",
LOBSTER_6,7,3:39:00,DYNODESSERT,28.00,SASHIMI,21.00,100.00%,0,"3,000",LOBSTER,7,Fishing,,2,0:09:00,34.25%,184.11,184.62,138.08,102.86,,"138,082.19",
LOBSTER_7,9,3:48:00,DYNODESSERT,36.00,SASHIMI,27.00,100.00%,0,"3,000",LOBSTER,9,Fishing,,2,0:09:00,23.5%,227.37,200.99,170.53,114.00,,"170,526.32",
LOBSTER_8,11,3:57:00,DYNODESSERT,44.00,SASHIMI,33.00,100.00%,0,"3,000",LOBSTER,11,Fishing,,2,0:09:00,17.58%,267.34,232.26,200.51,128.00,,"200,506.33",
LOBSTER_9,14,4:06:00,DYNODESSERT,56.00,SASHIMI,42.00,100.00%,0,"3,000",LOBSTER,14,Fishing,,3,0:09:00,22.62%,327.80,254.95,245.85,161.68,,"245,853.66",
LOBSTER_10,16,4:18:00,DYNODESSERT,64.00,SASHIMI,48.00,100.00%,0,"3,000",LOBSTER,17,Fishing,,2,0:12:00,8.97%,357.21,280.00,267.91,186.12,,"267,906.98",
LOBSTER_11,19,4:30:00,DYNODESSERT,76.00,SASHIMI,57.00,100.00%,0,"3,000",LOBSTER,20,Fishing,,3,0:12:00,13.47%,405.33,307.32,304.00,207.06,,"304,000.00",
LOBSTER_12,22,4:39:00,DYNODESSERT,88.00,SASHIMI,66.00,100.00%,0,"3,000",LOBSTER,24,Fishing,,3,0:09:00,12.05%,454.19,333.33,340.65,233.14,,"340,645.16",
LOBSTER_13,25,4:51:00,DYNODESSERT,100.00,SASHIMI,75.00,100.00%,0,"3,000",LOBSTER,29,Fishing,,3,0:12:00,8.95%,494.85,403.74,371.13,278.57,,"371,134.02",
LOBSTER_14,29,5:03:00,DYNODESSERT,116.00,SASHIMI,87.00,100.00%,0,"3,000",LOBSTER,34,Fishing,,4,0:12:00,11.41%,551.29,436.83,413.47,297.93,,"413,465.35",
LOBSTER_15,34,5:18:00,DYNODESSERT,136.00,SASHIMI,102.00,100.00%,0,"3,000",LOBSTER,39,Fishing,,5,0:15:00,11.71%,615.85,468.64,461.89,297.93,,"461,886.79",
LOBSTER_16,39,5:30:00,DYNODESSERT,155.61,SASHIMI,116.71,100.25%,0,"3,000",LOBSTER,45,Fishing,,5,0:12:00,10.53%,679.03,468.64,509.27,320.00,,"510,545.45",
LOBSTER_17,45,5:45:00,DYNODESSERT,178.92,SASHIMI,134.19,100.60%,0,"3,000",LOBSTER,51,Fishing,,6,0:15:00,10.37%,746.82,493.09,560.12,337.92,,"563,478.26",
LOBSTER_18,50,6:00:00,DYNODESSERT,197.92,SASHIMI,148.44,101.05%,0,"3,000",LOBSTER,59,Fishing,,5,0:15:00,6.48%,791.68,514.57,593.76,358.15,,"600,000.00",
LOBSTER_19,57,6:15:00,DYNODESSERT,224.19,SASHIMI,168.14,101.70%,0,"3,000",LOBSTER,69,Fishing,,7,0:15:00,9.44%,860.88,534.16,645.67,376.89,,"656,640.00",
LOBSTER_20,63,6:30:00,DYNODESSERT,245.61,SASHIMI,184.21,102.60%,0,"3,000",LOBSTER,82,Fishing,,6,0:15:00,6.28%,906.87,534.16,680.17,376.89,,"697,846.15",
LOBSTER_21,69,6:45:00,DYNODESSERT,265.90,SASHIMI,199.42,103.80%,0,"3,000",LOBSTER,96,Fishing,,6,0:15:00,5.47%,945.42,552.00,709.06,397.71,,"736,000.00",
LOBSTER_22,77,7:03:00,DYNODESSERT,292.08,SASHIMI,219.07,105.45%,0,"3,000",LOBSTER,114,Fishing,,8,0:18:00,6.85%,994.33,552.00,745.75,397.71,,"786,382.98",
LOBSTER_23,84,7:21:00,DYNODESSERT,311.98,SASHIMI,233.98,107.70%,0,"3,000",LOBSTER,135,Fishing,,7,0:18:00,4.64%,"1,018.70",552.00,764.02,397.71,,"822,857.14",
LOBSTER_24,92,7:39:00,DYNODESSERT,332.13,SASHIMI,249.10,110.80%,0,"3,000",LOBSTER,162,Fishing,,8,0:18:00,5.23%,"1,041.97",552.00,781.49,397.71,,"865,882.35",
LOBSTER_25,100,8:00:00,DYNODESSERT,347.83,SASHIMI,260.87,115.00%,0,"3,000",LOBSTER,194,Fishing,,8,0:21:00,3.94%,"1,043.49",552.00,782.61,397.71,,"900,000.00",
,,,,,,,,,,,,,,,,,,,,,,,
,,,,,,,,,,,,,,,,,,,,,,,
,,,,,,,,,,,,,,,,,,,,,,,
,,,,,,,,,,,,,,,,,,,,,,,
,,,,,,,,,,,,,,,,,,,,,,,
BOLTS_1,1,84:00:00,SCREWS,2.00,,,100.00%,"60,000","800,000",SCREWS,1,,,0,0:00:00,0%,0.57,0.50,,,,"228,571.43",13
BOLTS_2,1,72:00:00,SCREWS,1.99,,,100.50%,"60,000","800,000",SCREWS,10,,,0,-12:00:00,16.67%,0.66,1.23,,,,"266,666.67",13
BOLTS_3,1,60:00:00,SCREWS,1.98,,,101.25%,"60,000","800,000",SCREWS,15,,,0,-12:00:00,20%,0.79,1.60,,,,"320,000.00",13
BOLTS_4,1,50:00:00,SCREWS,1.96,,,102.25%,"60,000","800,000",SCREWS,23,,,0,-10:00:00,20%,0.94,1.78,,,,"384,000.00",13
BOLTS_5,1,40:00:00,SCREWS,1.94,,,103.25%,"60,000","800,000",SCREWS,33,,,0,-10:00:00,25%,1.16,1.96,,,,"480,000.00",13
BOLTS_6,1,32:00:00,SCREWS,1.91,,,104.75%,"60,000","800,000",SCREWS,47,,,0,-8:00:00,25%,1.43,2.32,,,,"600,000.00",13
BOLTS_7,1,24:00:00,SCREWS,1.88,,,106.50%,"60,000","800,000",SCREWS,66,,,0,-8:00:00,33.33%,1.88,2.53,,,,"800,000.00",13
BOLTS_8,1,18:00:00,SCREWS,1.84,,,108.75%,"60,000","800,000",SCREWS,91,,,0,-6:00:00,33.33%,2.45,2.72,,,,"1,066,666.67",13
BOLTS_9,1,12:00:00,SCREWS,1.79,,,111.50%,"60,000","800,000",SCREWS,127,,,0,-6:00:00,50%,3.59,3.00,,,,"1,600,000.00",13
BOLTS_10,1,8:00:00,SCREWS,1.74,,,115.00%,"60,000","800,000",SCREWS,175,,,0,-4:00:00,50%,5.22,3.00,,,,"2,400,000.00",13
,,,,,,,,,,,,,,,,,,,,,,,
KEY_1,1,120:00:00,BOLTS,3.00,,,100.00%,"135,000","1,000,000",BOLTS,1,,,0,0:00:00,0%,0.60,0.29,,,,"200,000.00",7
KEY_2,1,100:00:00,BOLTS,2.99,,,100.50%,"135,000","1,000,000",SCREWS,15,,,0,-20:00:00,20%,0.72,0.40,,,,"240,000.00",7
KEY_3,1,84:00:00,BOLTS,2.97,,,101.00%,"135,000","1,000,000",SCREWS,18,,,0,-16:00:00,19.05%,0.85,0.48,,,,"285,714.29",7
KEY_4,1,70:00:00,BOLTS,2.94,,,102.00%,"135,000","1,000,000",SCREWS,21,,,0,-14:00:00,20%,1.01,0.48,,,,"342,857.14",7
KEY_5,1,57:00:00,BOLTS,2.93,,,102.50%,"135,000","1,000,000",SCREWS,27,,,0,-13:00:00,22.81%,1.23,0.60,,,,"421,052.63",7
KEY_6,1,47:00:00,BOLTS,2.90,,,103.50%,"135,000","1,000,000",SCREWS,37,,,0,-10:00:00,21.28%,1.48,0.75,,,,"510,638.30",7
KEY_7,1,37:00:00,BOLTS,2.86,,,105.00%,"135,000","1,000,000",SCREWS,54,,,0,-10:00:00,27.03%,1.85,1.00,,,,"648,648.65",7
KEY_8,1,28:00:00,BOLTS,2.82,,,106.50%,"135,000","1,000,000",SCREWS,81,,,0,-9:00:00,32.14%,2.41,1.33,,,,"857,142.86",7
KEY_9,1,20:00:00,BOLTS,2.78,,,108.00%,"135,000","1,000,000",SCREWS,126,,,0,-8:00:00,40%,3.33,2.00,,,,"1,200,000.00",7
KEY_10,1,12:00:00,BOLTS,2.73,,,110.00%,"135,000","1,000,000",SCREWS,200,,,0,-8:00:00,66.67%,5.45,3.00,,,,"2,000,000.00",7
,,,,,,,,,,,,,,,,,,,,,,,
CERAMICKEY_1,1,192:00:00,KEY,2.00,CERAMICS,8.00,100.00%,"350,000","1,350,000",CERAMICS,1,,,0,0:00:00,0%,0.25,0.20,1.00,2.40,,"168,750.00",4
CERAMICKEY_2,1,125:00:00,KEY,1.97,CERAMICS,7.87,101.60%,"350,000","1,350,000",SCREWS,20,,,0,-67:00:00,53.6%,0.38,0.34,1.51,8.17,,"259,200.00",4
CERAMICKEY_3,1,82:00:00,KEY,1.92,CERAMICS,7.67,104.30%,"350,000","1,350,000",SCREWS,30,,,0,-43:00:00,52.44%,0.56,0.51,2.24,8.93,,"395,121.95",4
CERAMICKEY_4,1,50:00:00,KEY,1.85,CERAMICS,7.38,108.40%,"350,000","1,350,000",SCREWS,70,,,0,-32:00:00,64%,0.89,0.86,3.54,12.31,,"648,000.00",4
CERAMICKEY_5,1,24:00:00,KEY,1.74,CERAMICS,6.96,115.00%,"350,000","1,350,000",SCREWS,200,,,0,-26:00:00,108.33%,1.74,2.00,6.96,18.00,,"1,350,000.00",4
,,,,,,,,,,,,,,,,,,,,,,,
GLASSKEY_1,1,240:00:00,KEY,2.00,GLASS,3.00,100.00%,"425,000","1,500,000",GLASS,1,,,0,0:00:00,0%,0.20,0.20,0.30,1.33,,"150,000.00",4
GLASSKEY_2,1,153:00:00,KEY,1.97,GLASS,2.95,101.60%,"425,000","1,500,000",SCREWS,20,,,0,-87:00:00,56.86%,0.31,0.34,0.46,3.62,,"235,294.12",4
GLASSKEY_3,1,97:00:00,KEY,1.92,GLASS,2.88,104.30%,"425,000","1,500,000",SCREWS,30,,,0,-56:00:00,57.73%,0.47,0.51,0.71,4.68,,"371,134.02",4
GLASSKEY_4,1,56:00:00,KEY,1.85,GLASS,2.77,108.40%,"425,000","1,500,000",SCREWS,70,,,0,-41:00:00,73.21%,0.79,0.86,1.19,6.86,,"642,857.14",4
GLASSKEY_5,1,24:00:00,KEY,1.74,GLASS,2.61,115.00%,"425,000","1,500,000",SCREWS,200,,,0,-32:00:00,133.33%,1.74,2.00,2.61,18.00,,"1,500,000.00",4
,,,,,,,,,,,,,,,,,,,,,,,
DYNOKEY_1,1,336:00:00,CERAMICKEY,3.00,GLASSKEY,2.00,100.00%,"750,000","3,000,000",GLASSKEY,1,,,0,0:00:00,0%,0.21,0.13,0.14,0.10,,"214,285.71",4
DYNOKEY_2,1,211:00:00,CERAMICKEY,2.91,GLASSKEY,1.94,103.00%,"750,000","3,000,000",SCREWS,30,,,0,-125:00:00,59.24%,0.33,0.29,0.22,0.25,,"341,232.23",4
DYNOKEY_3,1,134:00:00,CERAMICKEY,2.83,GLASSKEY,1.89,106.00%,"750,000","3,000,000",SCREWS,45,,,0,-77:00:00,57.46%,0.51,0.48,0.34,0.43,,"537,313.43",4
DYNOKEY_4,1,79:00:00,CERAMICKEY,2.73,GLASSKEY,1.82,110.00%,"750,000","3,000,000",SCREWS,105,,,0,-55:00:00,69.62%,0.83,1.00,0.55,1.00,,"911,392.41",4
DYNOKEY_5,1,36:00:00,CERAMICKEY,2.61,GLASSKEY,1.74,115.00%,"750,000","3,000,000",SCREWS,300,,,0,-43:00:00,119.44%,1.74,1.00,1.16,1.00,,"2,000,000.00",4